sweep_param,sweep_value,decay_factor,large_uncertainty,success_radius,env_obs_noise,env_odom_noise,occlusion_mode,p_visible,mean_streak_len,bearing0_deg,range0,dt,min_sigma_visible,min_odom_noise,found_viable,mean_err_visible,mean_err_occluded,calibration_nll,coverage_1sigma,coverage_2sigma,coverage_deviation,mean_final_dist,advance_rate,mean_steps_to_advance,false_advance_rate,n_episodes
baseline,,0.95,1000.0,0.5,0.1,0.05,markov,0.5,6.0,60.0,10.0,0.5,0.010414058246057912,0.00020706272838739032,True,0.1243955626829379,0.7808567644396971,-1.802752668042143,0.6105442176870748,0.8792517006802721,0.14740408163265306,0.4259654346853495,0.8,25.75,0.0,20.0
decay_factor,0.8,0.8,1000.0,0.5,0.1,0.05,markov,0.5,6.0,60.0,10.0,0.5,0.010414058246057912,0.00020706272838739032,True,0.1243955626829379,0.7808567644396971,-1.802752668042143,0.6105442176870748,0.8792517006802721,0.14740408163265306,0.4259654346853495,0.8,25.75,0.0,20.0
decay_factor,0.84975,0.84975,1000.0,0.5,0.1,0.05,markov,0.5,6.0,60.0,10.0,0.5,0.010414058246057912,0.00020706272838739032,True,0.1243955626829379,0.7808567644396971,-1.802752668042143,0.6105442176870748,0.8792517006802721,0.14740408163265306,0.4259654346853495,0.8,25.75,0.0,20.0
decay_factor,0.8995,0.8995,1000.0,0.5,0.1,0.05,markov,0.5,6.0,60.0,10.0,0.5,0.010414058246057912,0.00020706272838739032,True,0.1243955626829379,0.7808567644396971,-1.802752668042143,0.6105442176870748,0.8792517006802721,0.14740408163265306,0.4259654346853495,0.8,25.75,0.0,20.0
decay_factor,0.94925,0.94925,1000.0,0.5,0.1,0.05,markov,0.5,6.0,60.0,10.0,0.5,0.010414058246057912,0.00020706272838739032,True,0.1243955626829379,0.7808567644396971,-1.802752668042143,0.6105442176870748,0.8792517006802721,0.14740408163265306,0.4259654346853495,0.8,25.75,0.0,20.0
decay_factor,0.999,0.999,1000.0,0.5,0.1,0.05,markov,0.5,6.0,60.0,10.0,0.5,0.010414058246057912,0.00020706272838739032,True,0.1243955626829379,0.7808567644396971,-1.802752668042143,0.6105442176870748,0.8792517006802721,0.14740408163265306,0.4259654346853495,0.8,25.75,0.0,20.0
large_uncertainty,49.99999999999999,0.95,49.99999999999999,0.5,0.1,0.05,markov,0.5,6.0,60.0,10.0,0.5,0.02258863577297737,0.00010000000000000009,True,0.12432926484549288,0.7742692436477898,-2.315532350608217,0.7470686767169179,0.9522613065326633,0.06660737018425467,0.48651849702000616,0.7,24.5,0.0,20.0
large_uncertainty,158.11388300841898,0.95,158.11388300841898,0.5,0.1,0.05,markov,0.5,6.0,60.0,10.0,0.5,0.010414058246057912,0.00020706272838739032,True,0.1243955626829379,0.7808567644396971,-1.895253932049201,0.6105442176870748,0.8792517006802721,0.14740408163265306,0.4259654346853495,0.8,25.75,0.0,20.0
large_uncertainty,499.99999999999983,0.95,499.99999999999983,0.5,0.1,0.05,markov,0.5,6.0,60.0,10.0,0.5,0.010414058246057912,0.00020706272838739032,True,0.1243955626829379,0.7808567644396971,-1.838406000294138,0.6105442176870748,0.8792517006802721,0.14740408163265306,0.4259654346853495,0.8,25.75,0.0,20.0
large_uncertainty,1581.13883008419,0.95,1581.13883008419,0.5,0.1,0.05,markov,0.5,6.0,60.0,10.0,0.5,0.010414058246057912,0.00020706272838739032,True,0.1243955626829379,0.7808567644396971,-1.7789259134839812,0.6105442176870748,0.8792517006802721,0.14740408163265306,0.4259654346853495,0.8,25.75,0.0,20.0
large_uncertainty,5000.000000000004,0.95,5000.000000000004,0.5,0.1,0.05,markov,0.5,6.0,60.0,10.0,0.5,0.010414058246057912,0.00020706272838739032,True,0.1243955626829379,0.7808567644396971,-1.7186134627718896,0.6105442176870748,0.8792517006802721,0.14740408163265306,0.4259654346853495,0.8,25.75,0.0,20.0
success_radius,0.2,0.95,1000.0,0.2,0.1,0.05,markov,0.5,6.0,60.0,10.0,0.5,nan,nan,False,nan,nan,nan,nan,nan,nan,nan,nan,nan,nan,nan
success_radius,0.4,0.95,1000.0,0.4,0.1,0.05,markov,0.5,6.0,60.0,10.0,0.5,0.010414058246057912,0.00020706272838739032,True,0.12437534458531818,0.7726027304836959,-1.8214113227222979,0.6109243697478992,0.8798319327731092,0.14644369747899155,0.3593620888888836,0.8,26.1875,0.0,20.0
success_radius,0.6000000000000001,0.95,1000.0,0.6000000000000001,0.1,0.05,markov,0.5,6.0,60.0,10.0,0.5,0.010414058246057912,0.00020706272838739032,True,0.12452113992861598,0.7921241494981038,-1.7932369587518178,0.6137931034482759,0.8801724137931034,0.14323448275862072,0.5158409409224987,0.85,26.058823529411764,0.0,20.0
success_radius,0.8,0.95,1000.0,0.8,0.1,0.05,markov,0.5,6.0,60.0,10.0,0.5,0.010414058246057912,0.00020706272838739032,True,0.12516777298380147,0.8077952455467152,-1.7719429314864004,0.6128747795414462,0.8809523809523809,0.14337283950617286,0.6637926608324051,0.9,26.055555555555557,0.0,20.0
success_radius,1.0,0.95,1000.0,1.0,0.1,0.05,markov,0.5,6.0,60.0,10.0,0.5,0.010414058246057912,0.00020706272838739032,True,0.12524383494362396,0.8222826713331787,-1.7487667033073522,0.6153153153153154,0.8801801801801802,0.14170450450450445,0.8073716402053833,0.95,26.105263157894736,0.0,20.0
env_obs_noise,0.02,0.95,1000.0,0.5,0.02,0.05,markov,0.5,6.0,60.0,10.0,0.5,0.0022135024223027535,0.00020706272838739032,True,0.025018857216746807,0.7802743661860146,-0.08322874973665913,0.6891418563922942,0.819614711033275,0.14132714535901925,0.4097255915403366,0.9,26.27777777777778,0.0,20.0
env_obs_noise,0.0393597934253086,0.95,1000.0,0.5,0.0393597934253086,0.05,markov,0.5,6.0,60.0,10.0,0.5,0.004801202261272809,0.00010000000000000009,True,0.04903731601260074,0.7740608345516455,-1.3113272802381823,0.6889081455805892,0.8535528596187175,0.10715528596187174,0.4030989795923233,0.85,25.88235294117647,0.0,20.0
env_obs_noise,0.07745966692414832,0.95,1000.0,0.5,0.07745966692414832,0.05,markov,0.5,6.0,60.0,10.0,0.5,0.010414058246057912,0.00010000000000000009,True,0.09650088509134296,0.7738299013787595,-1.998998065147478,0.6697952218430034,0.9010238907849829,0.06638088737201364,0.4393562149256468,0.8,25.625,0.0,20.0
env_obs_noise,0.15243982444638435,0.95,1000.0,0.5,0.15243982444638435,0.05,markov,0.5,6.0,60.0,10.0,0.5,0.02258863577297737,0.00010000000000000009,True,0.18976411868062973,0.7988107442399768,-1.727458776649318,0.6433333333333333,0.9083333333333333,0.08553333333333335,0.49374856799840927,0.75,25.666666666666668,0.0,20.0
env_obs_noise,0.3,0.95,1000.0,0.5,0.3,0.05,markov,0.5,6.0,60.0,10.0,0.5,nan,nan,False,nan,nan,nan,nan,nan,nan,nan,nan,nan,nan,nan
env_odom_noise,0.0,0.95,1000.0,0.5,0.1,0.0,markov,0.5,6.0,60.0,10.0,0.5,0.010414058246057912,0.00010000000000000009,True,0.12439556281649107,0.676312853422684,-3.11634086973022,0.7504273504273504,0.9666666666666667,0.07989401709401711,0.42357588931918144,0.8,25.5625,0.0,20.0
env_odom_noise,0.0375,0.95,1000.0,0.5,0.1,0.0375,markov,0.5,6.0,60.0,10.0,0.5,0.010414058246057912,0.00010000000000000009,True,0.12439556329947866,0.7412452645101092,-2.3815389623083107,0.6507666098807495,0.9080068143100511,0.07842657580919932,0.4132713347673416,0.8,25.6875,0.0,20.0
env_odom_noise,0.075,0.95,1000.0,0.5,0.1,0.075,markov,0.5,6.0,60.0,10.0,0.5,0.02258863577297737,0.00010000000000000009,True,0.12448462157048601,0.862297694972705,-1.2597330475080808,0.6961602671118531,0.9015025041736227,0.06645776293823047,0.49863868542015555,0.7,24.642857142857142,0.0,20.0
env_odom_noise,0.11249999999999999,0.95,1000.0,0.5,0.1,0.11249999999999999,markov,0.5,6.0,60.0,10.0,0.5,0.010414058246057912,0.00788154924594252,True,0.1240605950602802,0.9921384846287115,-1.039012139188147,0.6175496688741722,0.8874172185430463,0.13223311258278148,0.5689774848520756,0.7,25.0,0.0,20.0
env_odom_noise,0.15,0.95,1000.0,0.5,0.1,0.15,markov,0.5,6.0,60.0,10.0,0.5,nan,nan,False,nan,nan,nan,nan,nan,nan,nan,nan,nan,nan,nan
occlusion_mode,markov,0.95,1000.0,0.5,0.1,0.05,markov,0.5,6.0,60.0,10.0,0.5,0.010414058246057912,0.00020706272838739032,True,0.1243955626829379,0.7808567644396971,-1.802752668042143,0.6105442176870748,0.8792517006802721,0.14740408163265306,0.4259654346853495,0.8,25.75,0.0,20.0
occlusion_mode,bernoulli,0.95,1000.0,0.5,0.1,0.05,bernoulli,0.5,6.0,60.0,10.0,0.5,0.010414058246057912,0.00010000000000000009,True,0.11772532565290816,0.621158359898986,-2.673409508054151,0.6635111876075731,0.9259896729776248,0.04769913941480208,0.39876023307442665,0.75,24.4,0.0,20.0
p_visible,0.2,0.95,1000.0,0.5,0.1,0.05,bernoulli,0.2,6.0,60.0,10.0,0.5,nan,nan,False,nan,nan,nan,nan,nan,nan,nan,nan,nan,nan,nan
p_visible,0.35000000000000003,0.95,1000.0,0.5,0.1,0.05,bernoulli,0.35000000000000003,6.0,60.0,10.0,0.5,0.010414058246057912,0.00010000000000000009,True,0.11294328034828735,0.9696512014391653,-1.704448075689404,0.6616161616161617,0.898989898989899,0.07659393939393933,0.4488766208291054,0.7,24.285714285714285,0.0,20.0
p_visible,0.5,0.95,1000.0,0.5,0.1,0.05,bernoulli,0.5,6.0,60.0,10.0,0.5,0.010414058246057912,0.00010000000000000009,True,0.11772532565290816,0.621158359898986,-2.673409508054151,0.6635111876075731,0.9259896729776248,0.04769913941480208,0.39876023307442665,0.75,24.4,0.0,20.0
p_visible,0.6500000000000001,0.95,1000.0,0.5,0.1,0.05,bernoulli,0.6500000000000001,6.0,60.0,10.0,0.5,0.010414058246057912,0.00010000000000000009,True,0.11827645037764754,0.5765965601726335,-3.0364242534455403,0.6766256590509666,0.9393673110720563,0.02120702987697709,0.4632162407040596,0.8,24.5625,0.0,20.0
p_visible,0.8,0.95,1000.0,0.5,0.1,0.05,bernoulli,0.8,6.0,60.0,10.0,0.5,0.010414058246057912,0.00010000000000000009,True,0.12208530707061882,0.5559367341360433,-3.3192864725582454,0.6887125220458554,0.9444444444444444,0.016068077601411046,0.4525588762015104,0.85,25.294117647058822,0.0,20.0
mean_streak_len,3.0,0.95,1000.0,0.5,0.1,0.05,markov,0.5,3.0,60.0,10.0,0.5,0.010414058246057912,0.00010000000000000009,True,0.12396240798994672,0.5682800428884826,-2.630311310418556,0.6243523316062176,0.9024179620034543,0.11042970639032812,0.4182445526123047,0.85,26.0,0.0,20.0
mean_streak_len,5.25,0.95,1000.0,0.5,0.1,0.05,markov,0.5,5.25,60.0,10.0,0.5,0.010414058246057912,0.00010000000000000009,True,0.11425756588035962,0.7560034926617486,-2.0095934608530746,0.6339590443686007,0.8950511945392492,0.10818976109215006,0.41588405929505823,0.8,25.625,0.0,20.0
mean_streak_len,7.5,0.95,1000.0,0.5,0.1,0.05,markov,0.5,7.5,60.0,10.0,0.5,0.02258863577297737,0.00010000000000000009,True,0.12490371445177029,0.6232355554394532,-1.491694064393596,0.7431972789115646,0.9387755102040817,0.07622176870748298,0.4779007561504841,0.75,24.866666666666667,0.0,20.0
mean_streak_len,9.75,0.95,1000.0,0.5,0.1,0.05,markov,0.5,9.75,60.0,10.0,0.5,0.010414058246057912,0.00010000000000000009,True,0.12359591738832583,0.7112578673594432,-0.1350980245650572,0.6178509532062392,0.8847487001733102,0.13460034662045062,0.4162486769258976,0.85,25.88235294117647,0.0,20.0
mean_streak_len,12.0,0.95,1000.0,0.5,0.1,0.05,markov,0.5,12.0,60.0,10.0,0.5,0.02258863577297737,0.00010000000000000009,True,0.12290489278559717,0.7515521752319334,0.5190964617696521,0.7261904761904762,0.9013605442176871,0.09662993197278913,0.5514835119247437,0.75,24.866666666666667,0.0,20.0
bearing0_deg,30.0,0.95,1000.0,0.5,0.1,0.05,markov,0.5,6.0,30.0,10.0,0.5,0.010414058246057912,0.00020706272838739032,True,0.12458213004879548,0.7866694377881475,-1.8075093763088912,0.6125429553264605,0.8805841924398625,0.14407285223367694,0.41530079757794736,0.8,25.375,0.0,20.0
bearing0_deg,45.0,0.95,1000.0,0.5,0.1,0.05,markov,0.5,6.0,45.0,10.0,0.5,0.010414058246057912,0.00020706272838739032,True,0.12458212782121451,0.7859168382373075,-1.8067168166118648,0.6123499142367067,0.8807890222984562,0.14406106346483705,0.43142436277121304,0.8,25.4375,0.0,20.0
bearing0_deg,60.0,0.95,1000.0,0.5,0.1,0.05,markov,0.5,6.0,60.0,10.0,0.5,0.010414058246057912,0.00020706272838739032,True,0.1243955626829379,0.7808567644396971,-1.802752668042143,0.6105442176870748,0.8792517006802721,0.14740408163265306,0.4259654346853495,0.8,25.75,0.0,20.0
bearing0_deg,75.0,0.95,1000.0,0.5,0.1,0.05,markov,0.5,6.0,75.0,10.0,0.5,0.02258863577297737,0.00010000000000000009,True,0.12448462510791947,0.7690665221946947,-2.1762520358576203,0.7533222591362126,0.9534883720930233,0.0716338870431894,0.48537938930094243,0.7,24.857142857142858,0.0,20.0
bearing0_deg,90.0,0.95,1000.0,0.5,0.1,0.05,markov,0.5,6.0,90.0,10.0,0.5,0.02258863577297737,0.00010000000000000009,True,0.12430834066827492,0.7646994308656212,-2.175497125401039,0.7520593080724877,0.9530477759472817,0.07081153212520597,0.4824940863996744,0.7,25.214285714285715,0.0,20.0
range0,4.0,0.95,1000.0,0.5,0.1,0.05,markov,0.5,6.0,60.0,4.0,0.5,0.010414058246057912,0.00010000000000000009,True,0.12307193930848088,0.738244695980065,-2.1088516123654637,0.6746575342465754,0.9263698630136986,0.036172602739726,0.38984016627073287,1.0,13.6,0.0,20.0
range0,8.0,0.95,1000.0,0.5,0.1,0.05,markov,0.5,6.0,60.0,8.0,0.5,0.010414058246057912,0.00010000000000000009,True,0.12444476723648736,0.7725902844424115,-2.076353527195678,0.6542338709677419,0.9042338709677419,0.07873225806451623,0.3497172111645341,1.0,23.8,0.0,20.0
range0,12.0,0.95,1000.0,0.5,0.1,0.05,markov,0.5,6.0,60.0,12.0,0.5,nan,nan,False,nan,nan,nan,nan,nan,nan,nan,nan,nan,nan,nan
range0,16.0,0.95,1000.0,0.5,0.1,0.05,markov,0.5,6.0,60.0,16.0,0.5,nan,nan,False,nan,nan,nan,nan,nan,nan,nan,nan,nan,nan,nan
range0,20.0,0.95,1000.0,0.5,0.1,0.05,markov,0.5,6.0,60.0,20.0,0.5,nan,nan,False,nan,nan,nan,nan,nan,nan,nan,nan,nan,nan,nan
dt,0.2,0.95,1000.0,0.5,0.1,0.05,markov,0.5,6.0,60.0,10.0,0.2,nan,nan,False,nan,nan,nan,nan,nan,nan,nan,nan,nan,nan,nan
dt,0.4,0.95,1000.0,0.5,0.1,0.05,markov,0.5,6.0,60.0,10.0,0.4,nan,nan,False,nan,nan,nan,nan,nan,nan,nan,nan,nan,nan,nan
dt,0.6000000000000001,0.95,1000.0,0.5,0.1,0.05,markov,0.5,6.0,60.0,10.0,0.6000000000000001,0.010414058246057912,0.00010000000000000009,True,0.12458676666798052,0.8721830501116351,-1.8002464783074505,0.639763779527559,0.8946850393700787,0.10275118110236225,0.3097020694054663,1.0,24.4,0.0,20.0
dt,0.8,0.95,1000.0,0.5,0.1,0.05,markov,0.5,6.0,60.0,10.0,0.8,0.010414058246057912,0.00010000000000000009,True,0.12517031912232954,1.117104503992406,-1.6216513727156736,0.6339285714285714,0.8864795918367347,0.11679183673469384,0.34270917661488054,1.0,18.6,0.0,20.0
dt,1.0,0.95,1000.0,0.5,0.1,0.05,markov,0.5,6.0,60.0,10.0,1.0,0.010414058246057912,0.00010000000000000009,True,0.1263809192189325,1.2899707942307734,-1.4717943568491345,0.6295731707317073,0.8917682926829268,0.11585853658536593,0.2922427042387426,1.0,15.4,0.0,20.0
