sigma_init,sigma_visible,odom_noise,decay_factor,large_uncertainty,success_radius,sigma_ale_threshold,mean_err_visible,mean_err_occluded,calibration_nll,coverage_1sigma,coverage_2sigma,coverage_deviation,mean_final_dist,advance_rate,mean_steps_to_advance,false_advance_rate,n_episodes,calibration_score,task_score,combined_score
0.20488811039944382,0.03182517764685706,0.020976663373528336,0.8284574147685919,53.2654648608593,0.5471129794799452,1.5481746265325174,0.23764597698128836,0.9325376383561944,-1.2577438236369671,0.6948130277442702,0.9149577804583836,0.05165524728588666,0.6569350033998489,0.8166666666666667,23.857142857142858,0.0,60.0,1.3298519112818088,0.6141737538638462,0.9720128325728274
0.441302318287918,0.035917376241583414,0.020539013662378678,0.9299575904552894,115.27777384080089,0.5757275488909714,1.9851189844181998,0.23764597752840855,0.9330560429164544,-1.2466661047407999,0.7132086851628469,0.9231001206272618,0.06190856453558513,0.6797943728044629,0.8166666666666667,23.857142857142858,0.0,60.0,1.269321225105203,0.6091586041007292,0.9392399146029662
0.18218796154322053,0.027673459897115206,0.0307098826133992,0.9488880429281479,63.04382730761598,0.4150913376177521,0.8011631059535698,0.23891137675036714,0.9140379500669576,-1.2451359774385602,0.7106033977738723,0.9130052724077329,0.06939812536613943,0.6639837200132509,0.8,24.5625,0.0,60.0,1.2309270121676548,0.5916630323841084,0.9112950222758815
0.15924225736910247,0.043686551204670306,0.014768532438002396,0.9297942702121975,235.20481504270492,0.39899741398407756,1.8248585867607146,0.23802357527040627,0.9128960789271943,-1.2053460701820364,0.7198250728862974,0.9285714285714286,0.06305364431486882,0.5582411730041107,0.7833333333333333,24.425531914893618,0.0,60.0,1.2270051406987648,0.5938977476233774,0.9104514441610712
0.2975658293471129,0.04901094202517734,0.014762018273655912,0.9929648897038101,169.86157463992197,0.7283968806732273,1.5435803687663836,0.2363035263946362,0.9452425422740875,-1.1940868785487924,0.7354399008674102,0.9380421313506815,0.06919776951672874,0.8274780248602231,0.8333333333333334,23.28,0.0,60.0,1.1866339876160712,0.5977223698118151,0.8921781787139431
1.6198576973096186,0.03815503322586669,0.03220940151439327,0.9861185431989138,1171.0895092479975,0.49384112180197504,1.830440827728514,0.2386681038939528,0.9150306812489027,-1.1719480773454645,0.7464788732394366,0.9407276995305164,0.07755117370892028,0.6793842744082212,0.8,24.5,0.0,60.0,1.1256867422239116,0.5882842827187648,0.8569855124713381
2.6935446481162404,0.0513119759567641,0.007999820386206512,0.8269265395568735,84.21894097262971,0.6177967463282388,1.180612820181314,0.23789678368156195,0.9382724421989334,-1.1300840663636114,0.7190359975594874,0.925869432580842,0.0649665649786455,0.6931726651266217,0.85,24.07843137254902,0.0196078431372549,60.0,1.150783284469699,0.4832936827987493,0.8170384836342242
0.224970651634393,0.057671762728292046,0.016043821366366284,0.8249363695097811,414.0410488984452,0.8243868012257234,1.4409960895113643,0.23523505635994302,0.9523960568506739,-1.146521050340545,0.7643929912390488,0.9474342928660826,0.08875869837296624,0.9448774377504985,0.8333333333333334,22.96,0.0,60.0,1.0477086183776012,0.5719659446311663,0.8098372815043837
0.8447232392536794,0.055939056107460396,0.03239614751879709,0.8026647451403408,105.646932035725,0.4350587715103652,1.3930689585622364,0.2384339753373234,0.9045828108276809,-1.2528133411949878,0.7948424068767909,0.9633237822349571,0.12096618911174795,0.7018383050958316,0.75,24.444444444444443,0.0,60.0,0.982726267386765,0.5204651804289945,0.7515957239078798
1.1051845016371262,0.03553979918365087,0.04470878991441253,0.8964184119888648,4988.531384465403,0.8208253219558246,1.678199738416342,0.23547555872390413,0.9469937149954615,-1.0697779710541353,0.7673267326732673,0.9443069306930693,0.09481980198019813,0.9991698150833448,0.8166666666666667,23.0,0.0,60.0,0.949659627347873,0.5390903688253034,0.7443749980865881
0.602859719365028,0.026107391871220395,0.04555065101818021,0.8366562638904956,2957.820316785714,0.9175517135919418,1.5602647526017315,0.23608352176227343,0.9637092058923721,-1.0222778943495172,0.7361376673040153,0.920012746972594,0.0879249203314213,1.0875841582814851,0.8333333333333334,22.38,0.0,60.0,0.9416201485812974,0.5406573130150316,0.7411387307981645
1.2725237935763096,0.029232731312179072,0.05488295532309022,0.8866525948888014,4618.4675305243445,0.5429817099878442,1.690673062916738,0.23822802802388962,0.9171451759146881,-1.0444112098996094,0.7564553990610329,0.9330985915492958,0.09515680751173716,0.7759365315859517,0.7833333333333333,24.19148936170213,0.0,60.0,0.92549115198441,0.5461372514041312,0.7358142016942706
0.10639792505369383,0.04268811897345564,0.005878452418306571,0.8807110209844874,2737.5208485669536,0.5506440306395791,1.7778482028423956,0.23809927093549024,0.9401046650025378,-0.8702595637128214,0.6794243723208818,0.90263319044703,0.055142437232088115,0.6304399211580555,0.85,23.96078431372549,0.0196078431372549,60.0,0.968883996714426,0.4970567092622063,0.7329703529883161
4.764564183494342,0.05079461719182084,0.0026322434042033416,0.9556341310270446,174.74630808131923,0.6526037846680448,1.3274286517935208,0.23799288964473242,0.9440906557069672,-0.8413166247754582,0.6855287569573284,0.9066171923314781,0.05071156462585036,0.6877143050233523,0.85,23.647058823529413,0.0196078431372549,60.0,0.9651210261322473,0.48449120023216524,0.7248061131822062
0.2977478988510126,0.06671840143738839,0.008670397767414954,0.8522011180365876,70.21374278346435,0.9786154320520395,1.1881897667068815,0.23451731495562697,0.968484263245519,-1.1221300638980813,0.7597693786034593,0.9455477258167841,0.08602165278667517,1.0358095834652583,0.85,22.54901960784314,0.0196078431372549,60.0,1.0396073164695245,0.40812207900576114,0.7238646977376428
1.8799760807778638,0.018990379786512895,0.03855706545762259,0.8707717801899755,3382.2619051261636,0.801231750086713,0.620089223443453,0.2379730478684905,0.944193216046097,-0.9059947484595369,0.6864143920595533,0.892059553349876,0.06615483870967742,1.1039165019989015,0.8,22.583333333333332,0.0,60.0,0.946125571853274,0.4951455498450903,0.7206355608491821
0.3180052027889391,0.05670906358433524,0.0021151622414029778,0.8807584872917387,685.8473411012257,0.6243770102892974,0.2941287494321143,0.23846559581308815,0.9387481161336463,-0.760407914926959,0.7063636363636364,0.9154545454545454,0.06270909090909105,0.7967564780885975,0.8333333333333334,24.0,0.0,60.0,0.8340204408842073,0.6044624139174594,0.7192414274008334
1.8467241617595747,0.05907551603066044,0.02863402063228035,0.8013983358993875,1677.2274705514835,0.9688234484333595,1.705921476421227,0.23505048261360972,0.9621661536493668,-1.0942283687815428,0.7966687617850409,0.9622878692646134,0.12175663104965428,1.091606615483761,0.8333333333333334,22.82,0.0,60.0,0.8381424252290639,0.5397748203736961,0.68895862280138
0.7994139612375872,0.017386398474292023,0.05681824799316213,0.9548234713294013,1472.4606074328976,0.7285738087807068,1.7166854575814334,0.2369002882662289,0.9399155128174934,-0.8714558476686248,0.7091805298829328,0.8961799137399877,0.0848006161429451,0.9289527535438538,0.8166666666666667,23.142857142857142,0.0,60.0,0.8232814669823825,0.5544953904299449,0.6888884287061636
1.7399644122245173,0.0890179085670424,0.0011398010082717006,0.869397067296632,52.02863387111271,0.4472408665495565,0.9886101976471158,0.23699100522956604,0.912813002436083,-0.9428881213566815,0.7680442374854481,0.9420838183934808,0.09776041909196742,0.6492264794185758,0.7666666666666667,24.17391304347826,0.0,60.0,0.8225584761501865,0.5529720576024385,0.6877652668763126
2.988398310350661,0.034425716822141954,0.014759476587545305,0.918280545900039,1392.2792550363608,0.31797796357228514,0.6336550166659972,0.23892224636958348,0.9082274014032738,-1.1057383145949438,0.6896751740139211,0.9077726218097448,0.0537025522041763,0.5106389016844333,0.75,23.977777777777778,0.044444444444444446,60.0,1.184889115782379,0.1887335932889107,0.6868113545356449
0.8831750568370585,0.023874904724163173,0.019204098180392936,0.8024171586966089,1333.390222532191,0.7734005444509826,1.3274855447760743,0.2359511123174859,0.9610580200228128,-0.9920746144249364,0.6658114175753689,0.8858242463117383,0.08556433611289282,0.8695377697547276,0.85,22.50980392156863,0.0196078431372549,60.0,0.9265013186773621,0.44460069013381404,0.685551004405588
0.7647285663044238,0.06115029038043515,0.004569448229051519,0.8456011823293447,1229.0632030617917,0.7565690822499662,0.4714167746555331,0.23638294019023584,0.9518614217891138,-0.9000938139373762,0.7273011897307452,0.9289292423293676,0.07017194740137767,0.8448425114154816,0.85,23.254901960784313,0.0196078431372549,60.0,0.9210259196843311,0.45001861819727096,0.685522268940801
0.8440521178199332,0.023852881653960267,0.04129453020990102,0.9627458476085583,155.40639716545093,0.8879156570155555,0.43708559400975766,0.23908144230251416,0.9087351657168883,-1.1450324249374948,0.7206736353077816,0.912020905923345,0.0804527293844367,1.452822643518448,0.6833333333333333,22.463414634146343,0.0,60.0,1.0874622537213325,0.2718484780163446,0.6796553658688386
0.10724992260078424,0.09668340570848663,0.0027526466878940543,0.9941310627069373,82.02088691172283,0.5616710306616868,0.8498536144348239,0.2375283585235853,0.9182602774234395,-0.9894414170939253,0.7889800703399765,0.9504689331770223,0.11031113716295426,0.7319876052439213,0.7833333333333333,24.23404255319149,0.0,60.0,0.8017892228975825,0.5557792692407649,0.6787842460691738
0.8567820248175403,0.031513150785742405,0.011235718048413881,0.8090968079862139,2079.7412149926404,0.9259991387009072,1.530030287464896,0.23488966383346774,0.9809677552464036,-0.9181548726509107,0.6660039761431411,0.8926441351888668,0.07855188866799212,0.9987615391612052,0.8666666666666667,21.865384615384617,0.019230769230769232,60.0,0.8956072882809445,0.4403847502504361,0.6679960192656903
0.9502216683323649,0.05265173987486034,0.003806772932814325,0.9638991572090044,971.33947863674,0.36978085590572746,0.3471339375646586,0.2380904916485244,0.9153776366206042,-0.8775358254990797,0.7021650087770626,0.9151550614394383,0.058809947337624346,0.6260700926184655,0.7666666666666667,23.97826086956522,0.021739130434782608,60.0,0.9572021716716829,0.375274550840588,0.6662383612561354
0.1630178414990736,0.04307483278140998,0.003532199098505284,0.8008773643981663,58.1827493980917,0.992042892284086,0.5657745187357334,0.23537788128654025,0.9873799008513379,-0.8297767714680487,0.6682305630026809,0.8930965147453083,0.07587292225201081,1.0474395655095576,0.9,22.185185185185187,0.018518518518518517,60.0,0.8304581192165292,0.47762224238919576,0.6540401808028625
4.536726156275027,0.09496665857663823,0.0020095075525338045,0.8009391520748409,328.87770501936916,0.5475411531551913,1.1123264532504054,0.23748230908478607,0.9185706560633593,-0.9116180776051449,0.7831572769953051,0.9474765258215962,0.10748075117370892,0.7204905344794194,0.7833333333333333,24.19148936170213,0.0,60.0,0.7467515919054013,0.5583016280469311,0.6525266099761662
1.5997933389199004,0.03458422731431632,0.11158521735694343,0.8528759056785801,51.44268900678014,0.7769326288934737,1.3855484801647011,0.23869059253947336,0.9191434275464374,-1.0847016574434485,0.8014662756598241,0.955425219941349,0.11969149560117309,1.1649260838826498,0.7833333333333333,24.21276595744681,0.0,60.0,0.8399039981594192,0.4607962769211665,0.6503501375402928
0.875997972449807,0.04552707422099545,0.05458185888957039,0.9370990184659487,1176.2907245822173,0.8172755107219103,0.8573516445625007,0.2383815337260898,0.9339303910695934,-1.1096006171790447,0.8006634499396864,0.9629071170084439,0.12637056694813031,1.1303486064076425,0.7833333333333333,23.21276595744681,0.0,60.0,0.828962053743244,0.46838227918127134,0.6486721664622577
2.6388217340728537,0.06292109052261338,0.0018008138861157388,0.8066775045838405,568.4429626276387,0.39872731752085006,1.3135646164074635,0.23741390189371578,0.9169305460158861,-0.8213339446208862,0.7177751618599176,0.9231901118304885,0.06638505002942918,0.5652120613182584,0.7833333333333333,24.085106382978722,0.02127659574468085,60.0,0.8698876052019355,0.4134794646437811,0.6416835349228583
0.4822001753133739,0.06860215429519718,0.03512266251293394,0.8738295473884318,61.80803646736745,0.9713692413772845,1.0930861088750403,0.23511702079407965,0.953289420327368,-1.2004273007081432,0.8173913043478261,0.974223602484472,0.1544149068322982,1.1432599931955338,0.8166666666666667,22.877551020408163,0.0,60.0,0.770848065834363,0.5074782184708411,0.6391631421526021
1.2753590920218598,0.02816395084491632,0.09640994553762258,0.8538590307347695,1110.9365792136905,0.6545473135213855,1.294071715969926,0.23798434916059522,0.9179472405894666,-0.9805441795925172,0.7817229336437719,0.9403376018626309,0.11318533178114099,1.0295509215444327,0.7833333333333333,24.48936170212766,0.0,60.0,0.7796835234323463,0.4904964274946734,0.6350899754635099
1.309631187496851,0.10758419714465242,0.0011833393407745388,0.899109327020007,229.4951968125192,0.4779331413197938,1.9228372864534442,0.23721172231394055,0.9103771177295974,-0.9008048778140345,0.798503166378814,0.952216465169833,0.11808670120898102,0.6956534573187431,0.7833333333333333,24.893617021276597,0.0,60.0,0.6847117342043612,0.5637506699445498,0.6242312020744555
2.762218482114969,0.10465144734909032,0.0021871305500242434,0.8728081471640896,2612.4118241906726,0.5746268653713172,0.7400205016635474,0.23806805594208683,0.9174738134008021,-0.8234822506447695,0.7974314068884997,0.954173963806188,0.1150574430823117,0.748392412935694,0.7833333333333333,24.382978723404257,0.0,60.0,0.6311017166653975,0.5521801950076511,0.5916409558365243
0.32743826149978134,0.08456895718306097,0.02564582704341569,0.92154888934544,291.5050092597984,0.6526191257730042,1.9729623068731963,0.23892340994418865,0.9193377811482183,-1.1129270088272118,0.8285630841121495,0.9740070093457944,0.16537009345794396,0.8631481565535069,0.7833333333333333,24.361702127659573,0.0,60.0,0.6390548370270841,0.5270037682115102,0.5830293026192972
4.011254496018612,0.02180730023005356,0.01508436212011209,0.8047786269335986,106.09775308615137,0.9067349869068495,1.599570341680085,0.23539570987083103,0.979777948017412,-0.9876046781242226,0.6388336646785951,0.8687872763419483,0.12957905897945654,0.9666374683380127,0.8666666666666667,21.865384615384617,0.019230769230769232,60.0,0.7048774361285413,0.44743249611462316,0.5761549661215822
2.5782477052928097,0.01968406890529546,0.022349827895304167,0.990723457700699,1355.178408066796,0.9844063801427891,1.1916576332691755,0.2367445433573901,0.9861072962840258,-0.8854144237388646,0.6484322881921281,0.8742494996664443,0.11451821214142766,1.0609780495365462,0.8666666666666667,21.673076923076923,0.019230769230769232,60.0,0.6887060799736742,0.4267349810136747,0.5577205304936744
2.6993127077239074,0.0956856825781767,0.015396837499125146,0.902864718587873,2998.6882668835874,0.4934009067421025,1.6996401336397693,0.2381288016459783,0.9076265457921205,-0.978723788711064,0.8225344036697247,0.9704701834862385,0.15580458715596324,0.7574224631302059,0.7666666666666667,24.73913043478261,0.0,60.0,0.5673107325768283,0.5292347859184662,0.5482727592476473
0.19067311647698548,0.08263357785505927,0.025317175916342412,0.8163606176952922,936.9701497273904,0.8729769186936884,0.6448888892326694,0.23711090528482626,0.9403063719138314,-1.051470524012531,0.8302864107251676,0.9719683120048751,0.16505472273004274,1.1907375981410344,0.8166666666666667,23.510204081632654,0.0,60.0,0.5860985605591564,0.49706203878621097,0.5415802996726837
0.15663843637412975,0.06556273525785505,0.045115668227489664,0.9843722925279558,2474.6449622692617,0.9764106732727718,0.9385814149069055,0.23580255710202797,0.9496967256802412,-1.0312883109333038,0.8261405672009864,0.9750308261405672,0.16397139334155364,1.2244299789269766,0.8166666666666667,23.122448979591837,0.0,60.0,0.5735528589616057,0.48967021915520376,0.5316115390584047
3.558797032065433,0.10400841900366463,0.0016823621110832795,0.9097367403416152,862.6453394436666,0.8489909039021191,1.2050129484060725,0.23647406122481482,0.9445601179974628,-0.825889801110462,0.7945331695331695,0.9514742014742015,0.11485896805896811,0.9635415439804395,0.85,23.862745098039216,0.0196078431372549,60.0,0.6342188535660316,0.4239770675965695,0.5290979605813005
0.5188714629589652,0.043937791927493766,0.0018782024691709996,0.8849645632039376,883.4958046843097,0.5019707452259472,1.4461490182447474,0.23816566553882768,0.9339134330165011,-0.6125838806092339,0.6560024375380865,0.8863497867154174,0.09484777574649605,0.5650609105204543,0.8333333333333334,23.82,0.02,60.0,0.5439609329010847,0.4871388419904313,0.515549887445758
0.6986784600248326,0.020805792928955357,0.1094246321002955,0.9755949457354846,628.2128482828382,0.7648768220296474,0.9576347966017186,0.23977923154227923,0.9136857116488526,-0.8602241965925662,0.7616959064327485,0.922514619883041,0.11098128654970763,1.2131375593443712,0.7,22.571428571428573,0.0,60.0,0.6838513154309833,0.3453976250542632,0.5146244702426233
0.41204534530190495,0.07771484569255649,0.0011690251877832178,0.9888341112713237,132.18745517252012,0.2672987714415729,1.251510482359843,0.2386846823817928,0.8958664327729765,-0.9075876570795991,0.7466480446927374,0.9329608938547486,0.08548715083798886,0.5286272890244921,0.7333333333333333,25.136363636363637,0.045454545454545456,60.0,0.8519376827473224,0.15533009502576833,0.5036338888865454
0.15367183741864965,0.1152805257220726,0.008964475867568935,0.9222260856979227,1221.6283159882298,0.6683836686084975,1.4924835460315589,0.23798270705110094,0.9197600147238257,-0.9240997579063911,0.8333333333333334,0.9678925861062464,0.16402591943957978,0.8684688990314802,0.7833333333333333,24.382978723404257,0.0,60.0,0.4782001270818084,0.5258364429058249,0.5020182849938166
1.0238376510349543,0.015109929500418517,0.023050228604366976,0.9508115655913962,590.1384623627505,0.7382084404925908,1.4464762541404506,0.23540119234813356,0.9611652523072783,-0.782629225033168,0.6254008980115459,0.8527902501603593,0.15900885182809488,0.835070384045442,0.85,22.50980392156863,0.0,60.0,0.3775168069155711,0.6170209647221991,0.4972688858188851
2.5987389049775587,0.12832797023075793,0.003731974511647775,0.9859229216133145,378.76418308242836,0.8188449826474393,1.0517821182781248,0.23809791909352845,0.9320846072946833,-0.8832583117425231,0.8355223880597015,0.9632835820895522,0.1616059701492537,0.9754636513690154,0.7833333333333333,23.574468085106382,0.0,60.0,0.4539381325538574,0.5023627110918555,0.47815042182285644
0.6993077847455959,0.02594020412365813,0.07925809703085224,0.886229353861421,2454.043488475831,0.4123941042652092,1.889685213158947,0.23732204308150656,0.9017703841831347,-0.9879848142892443,0.7671194114318053,0.932937181663837,0.10598222976796834,0.7739031977951527,0.75,24.933333333333334,0.044444444444444446,60.0,0.8219041563136802,0.1309756626606766,0.4764399094871784
1.3806667004530713,0.0350883158495092,0.12778811778355503,0.8307510714574168,110.401865222221,0.8749071592334781,0.9533539539483809,0.23957734140250303,0.9061010117991224,-1.0118935584977542,0.8130360205831904,0.9568324757004002,0.13266849628359056,1.4379606353739898,0.65,22.307692307692307,0.0,60.0,0.7111455386781291,0.2331804883373333,0.4721630135077312
0.2467912248212731,0.01755314027370399,0.05287385867858411,0.9330768978226489,361.16976860249264,0.3094138278541705,1.3609991047250567,0.23785717091135414,0.9058580311163471,-0.9695945382968126,0.7029276693455798,0.8949483352468427,0.07977933409873716,0.6345434788924952,0.7666666666666667,24.695652173913043,0.06521739130434782,60.0,0.935167673458674,0.007859923308637532,0.47151379838365576
0.42369685923975087,0.0696522149057736,0.06894922553470978,0.8523720364527138,95.36981959413653,0.9752057778807461,1.7587139619803567,0.23582101864559926,0.939960704364752,-1.0983358907538001,0.8504559270516717,0.9844984802431611,0.19775440729483285,1.2565046221017837,0.8,23.270833333333332,0.0,60.0,0.46596676702402395,0.46166902383759695,0.4638178954308104
0.25364963075069374,0.11018667408763912,0.024278198893511516,0.8758802697641703,52.15238390038356,0.5586580868640221,0.6124706100479608,0.24075087190170563,0.9025832412737148,-1.0874826221230063,0.848434004474273,0.979586129753915,0.190820134228188,1.0276579809685549,0.7333333333333333,25.09090909090909,0.0,60.0,0.49063014363906216,0.42801884206844604,0.4593244928537541
0.1355725092944169,0.14236870531967466,0.0031744082094529416,0.9320669506992074,131.4056383883602,0.517474121215517,0.7191837703981845,0.2387319852583159,0.9004820238622289,-0.9039372913999789,0.8457446808510638,0.9658454647256439,0.17439014557670773,0.7827816045532624,0.75,25.355555555555554,0.0,60.0,0.40906223004492986,0.5027069141393777,0.45588457209215383
0.4621642584011663,0.06209422324481349,0.07871416193151994,0.9354565787884723,2359.7037200356503,0.806077268665699,1.4134158109371489,0.23819965763168552,0.9226884587409737,-0.9700665645129264,0.8419811320754716,0.9799528301886793,0.18473396226415095,1.1333053238689899,0.7833333333333333,24.02127659574468,0.0,60.0,0.4165715452172586,0.4677336007066635,0.44215257296196103
0.36621986215036983,0.026145604708104415,0.04668602713517789,0.8947036608666146,99.40089537923203,0.26995609397575093,1.5006182521648992,0.23840239665984456,0.8992417489181559,-1.214651178904891,0.7347457627118644,0.9214689265536723,0.08507683615819217,0.6175822250545024,0.7333333333333333,24.681818181818183,0.09090909090909091,60.0,1.1263517011843682,-0.24635766028593245,0.4399970204492179
0.27732727814600666,0.06857098679005366,0.06322743850200568,0.9390305852531311,2260.0258197928474,0.6356593941774404,1.349254949784532,0.23853954667212776,0.9116105601879901,-0.9985384896768238,0.8443423319931074,0.9827685238368754,0.1899108558299828,0.9646108915408452,0.75,24.355555555555554,0.0,60.0,0.4162275218516743,0.4628151266879062,0.43952132426979024
0.47507278589762986,0.031595622399179964,0.004341736664300559,0.8718333137398419,712.5006921463545,0.6222560624899819,0.775163444228123,0.23524987731701563,0.9491490478288763,-0.6776500999738078,0.6260239445494644,0.867044738500315,0.14413131695022052,0.6640203176687162,0.8666666666666667,23.365384615384617,0.019230769230769232,60.0,0.35796504187973144,0.5138241058144066,0.43589457384706903
0.11731805928329093,0.11576355504689562,0.01859270578096868,0.8773814523241464,1464.3121694751708,0.9495863212441558,0.8530749795501825,0.23543466092243456,0.9431187888747827,-0.9151709345096224,0.8537851037851037,0.9774114774114774,0.19399658119658114,1.1635515987873077,0.8166666666666667,23.448979591836736,0.0,60.0,0.3220707104315016,0.5030264140848325,0.41254856225816705
0.18124117405190993,0.10053686777240634,0.03999556558210261,0.8271721394458764,210.94114474909878,0.7727342775403956,1.8121053775033895,0.23893142233789125,0.9202707106962577,-1.0390499316808095,0.8622300058377116,0.9859894921190894,0.21101949795680097,1.0373840170602004,0.7666666666666667,24.065217391304348,0.0,60.0,0.34777866535144736,0.46781362000517906,0.4077961426783132
2.441002100803372,0.06376923970463401,0.04921350597423755,0.8973426615856407,84.34413726409113,0.22682823115933337,0.7615723561408415,0.24165937813200492,0.8843118096752338,-1.1952759534175355,0.8214841722885314,0.9763881681370005,0.1606723404255319,0.8289564322990676,0.5833333333333334,25.485714285714284,0.02857142857142857,60.0,0.735334635471599,0.04271134086568316,0.3890229881686411
2.891898585431168,0.16325193364373564,0.0022002159436474186,0.8219402775761319,111.09599855155435,0.5281945543657762,0.5651800745561926,0.23932960744253995,0.8984364448092937,-0.8555648990002742,0.8605875831485588,0.9684035476718403,0.1917911308203991,0.8185447163879871,0.75,25.755555555555556,0.0,60.0,0.28010260044105323,0.494860793860572,0.3874816971508126
1.454572637804699,0.10083391061070247,0.03338684996206201,0.8904644310531714,82.89552344260426,0.4370047640314743,1.0708249099507554,0.23852629099370207,0.892754592343005,-1.0959717851990556,0.853638368246968,0.9831863285556781,0.19962469680264616,0.7938513660492996,0.75,25.977777777777778,0.022222222222222223,60.0,0.45462081956868844,0.3134387544043251,0.3840297869865068
0.5383920628554287,0.03786216440402406,0.1150347758988704,0.8170654623988058,4337.043104244439,0.34272494479983734,0.7351995430673077,0.23859651684338612,0.8705904249198587,-0.9348513709279613,0.8168904958677686,0.9633264462809917,0.14301694214876037,1.2716529650613666,0.5666666666666667,25.352941176470587,0.0,60.0,0.5916297315854464,0.16484549881700117,0.3782376152012238
0.49013719759244195,0.1003362870417435,0.03910167408956587,0.9796733498797217,763.865430210119,0.9247743596656686,0.8897888951097027,0.23670160113558095,0.936395792682694,-0.9742186627713219,0.8621621621621621,0.984984984984985,0.20994714714714713,1.2402065028746923,0.7833333333333333,23.361702127659573,0.0,60.0,0.29557210882392326,0.44428039807985886,0.36992625345189106
2.4965791045936685,0.019689991051000607,0.09105307778600576,0.9769202125345385,70.7958948354647,0.20751229569694588,0.6562306483571168,0.2394723370869535,0.85891698424502,-1.0038429131340005,0.7436676798378926,0.9191995947315096,0.09626808510638307,1.1343969167520602,0.5,24.8,0.03333333333333333,60.0,0.8840090633952928,-0.1691581975497345,0.3574254329227792
4.478397306446665,0.13812269517227282,0.016685692421671807,0.9673938949574485,469.9058707986139,0.5807558960802615,0.59072136014732,0.23887135401438284,0.8988590247362218,-0.9193010209754802,0.8701334816462737,0.9769187986651835,0.2098522803114572,1.0119376820822557,0.75,25.622222222222224,0.0,60.0,0.2473257821663189,0.45243203439118956,0.34987890827875423
4.711957811413599,0.15848221453870118,0.002851064123039804,0.9191274037334325,3030.2060137482486,0.6258618791797651,0.9880134460276254,0.23845655719380998,0.9071266183525748,-0.7345482273796992,0.858314479638009,0.9688914027149321,0.19000588235294114,0.8775037695964177,0.7666666666666667,25.26086956521739,0.0,60.0,0.18158137843691086,0.5028899762686749,0.3422356773527929
1.210484196459487,0.1406399209990142,0.019258240468756096,0.877071688095323,884.6583238970217,0.6735222265712884,0.7466153290232661,0.23833807168459045,0.909815386689,-0.8774032142354072,0.8715831435079726,0.9809225512528473,0.21530569476081995,1.0100056134164332,0.7666666666666667,25.0,0.0,60.0,0.18319187870037423,0.4738202071563036,0.3285060429283389
0.923944264469776,0.07168629977714598,0.027667465291889515,0.8153123955343625,1732.0102469465637,0.29872186253052296,1.3946114774846667,0.23895740506397684,0.8913014992695649,-1.1002477669933068,0.8122584207620099,0.9690778575372723,0.14413627829928222,0.6565533870210251,0.7166666666666667,25.302325581395348,0.06976744186046512,60.0,0.7328116303813845,-0.09811756500361828,0.31734703268888315
0.288916283066985,0.04511928885897614,0.0025117930156947498,0.9516721609490172,2558.382122403865,0.30624370165143056,1.0819863798516658,0.2378725971687764,0.9134761500950636,-0.6794659490962058,0.6682380671773719,0.8930465527401297,0.07591538008249843,0.4791810647274057,0.8,24.354166666666668,0.08333333333333333,60.0,0.6969128593145539,-0.06844115709161754,0.3142358511114682
0.661632463819375,0.02043725883248757,0.17208882164936642,0.9786419885883921,4171.572311484125,0.6830957261926023,1.07880469711502,0.23941982241743875,0.9005858272074777,-0.6164492461194442,0.7821782178217822,0.9262926292629263,0.12768558855885592,1.3570160108307998,0.6166666666666667,23.27027027027027,0.0,60.0,0.3850023288686702,0.20901045842756072,0.29700639364811543
4.925954897085861,0.16866699145184347,0.006044079581457406,0.9828560685306391,1329.6941371533226,0.4664996351679431,1.8658305603707896,0.23810623754167967,0.8887655967458525,-0.7818926293902128,0.8740478781284005,0.9757889009793254,0.21263677910772583,0.8008305922150611,0.7333333333333333,26.227272727272727,0.0,60.0,0.11166603867421557,0.47778282745406003,0.2947244330641378
0.1000743566967953,0.11856411893964784,0.004927937710206593,0.9250969568282703,159.10628060208637,0.367823896069559,1.2897047349305164,0.23903476000010207,0.8894103818769998,-0.9877475257314817,0.823240589198036,0.963720676486634,0.14976126568466996,0.6514889624590675,0.7333333333333333,26.113636363636363,0.06818181818181818,60.0,0.6052004065386722,-0.0627106056169285,0.27124490046087185
0.23377099727891257,0.013416776799165007,0.018534081323599794,0.8381716124789157,68.20519349005784,0.8186116784330146,1.6603305515480526,0.2356748124086635,0.976269422183756,-0.6878214088304322,0.594017094017094,0.8333333333333334,0.2098495726495726,0.8905841569105785,0.8666666666666667,22.096153846153847,0.019230769230769232,60.0,0.042001970751024936,0.4641179409332621,0.2530599558421435
0.44375173617480096,0.025931185497824256,0.004757073216125857,0.8835638474093125,4202.355550513701,0.5670884551852664,1.905256523013403,0.23671216879034343,0.9458529833564574,-0.49383160676456545,0.6027482823235478,0.844159900062461,0.19029181761399117,0.5798910745109122,0.8666666666666667,23.634615384615383,0.019230769230769232,60.0,-0.033363627814865224,0.5322813408512105,0.24945885651817262
0.6417891666927058,0.09764586413874288,0.05907172157457957,0.9872544155377736,631.2272903517248,0.9372944150899032,0.7394620284565269,0.24093015271302767,0.9096319051132566,-0.9530811478293559,0.8756476683937824,0.9881980426021877,0.22664571099597008,1.4160050556063652,0.6833333333333333,22.829268292682926,0.0,60.0,0.19424512398212873,0.2799259413106101,0.23708553264636942
0.3780636881804767,0.010531945471260573,0.13917730217735666,0.8638870385183368,2425.0842426985814,0.9695478730768734,1.4821588395541636,0.2369854869436801,0.946027521573599,-0.14934640474159577,0.7164916615194564,0.87183446571958,0.11645719579987646,1.3453071931997935,0.8,22.729166666666668,0.0,60.0,0.026178195866714604,0.44218650069693305,0.23418234828182383
0.20248161762461114,0.20571579334460302,0.0010850910480404781,0.9122622799435542,120.64339095152904,0.8133285459041875,1.0108138232159642,0.23810076081217596,0.9142132567991849,-0.7387588077626219,0.889554794520548,0.973744292237443,0.22609908675799095,1.0953155154983203,0.7666666666666667,24.91304347826087,0.0,60.0,0.0068306498866945314,0.45510394566874196,0.23096729777771824
0.23882372481726744,0.19284790699417786,0.0018597962068522295,0.8492209028605664,2049.7016158582114,0.5608379715728736,1.765953699539257,0.23901232291880342,0.8937840788570128,-0.6757991167526748,0.8841730558598029,0.9737130339539978,0.22068608981380067,0.8804406465341648,0.7333333333333333,25.954545454545453,0.0,60.0,-0.02225061470430348,0.4603170637230794,0.21903322450938795
0.10585363969661658,0.1660490464113745,0.008258684006577486,0.8993028522899771,124.91701707868614,0.9436092109815912,0.4793255254242561,0.2397722523761809,0.9107973599942477,-0.8776705297638849,0.8772231784279977,0.97877223178428,0.21879541021227766,1.4624933689832686,0.6833333333333333,22.975609756097562,0.0,60.0,0.16617188928287452,0.2697268037187904,0.21794934650083245
3.6852353199289096,0.14703316693830767,0.03522567219763551,0.9417065621171532,606.2137460966063,0.5739988258967719,1.947734084221871,0.23877453194197357,0.8968290588118933,-0.849253215568406,0.8945054945054945,0.9912087912087912,0.2485142857142858,0.9798112687965234,0.7,25.19047619047619,0.0,60.0,-0.005999946366613301,0.3965874138038097,0.1952937337185982
0.24255899148177928,0.20942288760662148,0.0024623837351138425,0.9148623918483316,589.8856936943932,0.7375222427821524,1.544924537463975,0.23961761039534876,0.9044258737785222,-0.6843973956173278,0.8923163208076276,0.9770050476724621,0.23212136848008968,1.039764670530955,0.75,25.288888888888888,0.0,60.0,-0.0711723933363955,0.44632703157783155,0.187577319120718
4.908518670636982,0.09611407931532724,0.10913749309529602,0.9375592116211443,76.17615865767151,0.592556587461877,1.9044423164896274,0.23873491256120558,0.8980246679422131,-0.9083516934060415,0.8947797716150081,0.9940184883088635,0.25159825992387164,1.1046431524058182,0.6666666666666666,24.975,0.0,60.0,0.031173508254177085,0.3272717813251534,0.17922264478966524
0.3807242255272217,0.025465851303988537,0.07779793121436422,0.91641155336491,448.8971496138131,0.4049200171423139,0.2380508624318099,0.23730175820041213,0.8340066160411691,-1.0915723226961667,0.7519415258108726,0.931247144814984,0.09249438099588858,3.121367409576972,0.25,24.933333333333334,0.0,60.0,0.9804921309119581,-0.6392875755815971,0.1706022776651805
2.3261253327123033,0.020824980062454816,0.007480544886508936,0.9312202094550065,3355.353491723434,0.8502636930018022,0.26142897015851296,0.23964855584804412,0.9365202417858859,-0.5238951054328382,0.5863131935881628,0.8393958076448829,0.21149099876695432,1.1138480906685193,0.7666666666666667,22.08695652173913,0.0,60.0,-0.1115282051328249,0.4510380574839168,0.16975492617554594
3.901195215358274,0.04556662445892698,0.002394251814189893,0.9745096457724731,3079.122718826253,0.23861247600151625,0.4766256585950165,0.238577602606165,0.9005031884532887,-0.6924855962787853,0.668277430358158,0.8914155770324048,0.07750699260943716,0.44135046616817514,0.7333333333333333,24.431818181818183,0.11363636363636363,60.0,0.7005913785363471,-0.3987798248393834,0.15090577684848186
2.8940141079327146,0.19909789415811374,0.005686326965798159,0.9857735492497507,2628.3210734575478,0.5104644234044409,1.239728741511944,0.23826063056601351,0.8902963871702482,-0.674298745733587,0.8938411669367909,0.9773095623987034,0.23395072933549432,0.8730961345136166,0.6666666666666666,25.275,0.0,60.0,-0.08917697790943885,0.378071212900819,0.14444711749569009
1.2781255168888748,0.2162423458085219,0.004736316658042612,0.8112135383730283,148.96154157223285,0.6367575817106748,1.7675867897521254,0.23864882923179964,0.89560296833883,-0.7393283541347064,0.9005464480874317,0.9784153005464481,0.24176174863387978,0.9700964109351238,0.6666666666666666,24.75,0.0,60.0,-0.07011810958121024,0.3567901834591483,0.14333603693896904
0.8997440121058293,0.10348378301860306,0.09447221017785862,0.8928666413974364,2284.296985594443,0.6191172513815237,1.9170358529029758,0.23849351018769407,0.9011818722209158,-0.788030281513598,0.8941305540318157,0.9936917169500823,0.25062227098189804,1.1109322920441627,0.6833333333333333,24.926829268292682,0.0,60.0,-0.07073287187885974,0.34685629143670127,0.13806170977892077
1.0524688861691023,0.21948895573864582,0.002699109801527535,0.8629281516676169,283.3884252750136,0.5953593647056278,0.9976873465073077,0.2383989158057294,0.8936344066966702,-0.7038135688372005,0.8985861881457313,0.9779771615008157,0.23936334964654704,0.9413459618886312,0.6666666666666666,24.975,0.0,60.0,-0.08976158485909756,0.3630977856144346,0.13666810037766852
0.13865245782206762,0.13118746836324008,0.044558382535291596,0.8740759638148088,132.35498868227245,0.5274011609468625,0.9342295999734911,0.23846228295002395,0.8929614866116923,-0.9404068724776049,0.8917075831969449,0.991543917075832,0.2460515002727769,1.0323994241654872,0.7,25.5,0.023809523809523808,60.0,0.08703797696442997,0.18486479216259907,0.13595138456351452
0.6089195807592017,0.09158418137113393,0.001154944580036981,0.8477758495666537,4449.878135109661,0.26482521602329645,0.3692316986868184,0.24007160681575454,0.8913374697508047,-0.7946312489239195,0.7720547945205479,0.9443835616438356,0.09947123287671233,0.5515382120075325,0.7166666666666667,25.627906976744185,0.11627906976744186,60.0,0.6825849549697189,-0.46613765648822403,0.10822364924074745
0.24813625775823736,0.18711711694827127,0.030281958915639035,0.9444257793253221,73.2128235175945,0.4821947325571241,1.0876828412350403,0.23791062010094427,0.8861354806905438,-0.8259552530957872,0.913031914893617,0.9922872340425531,0.26811914893617017,0.9655185571561257,0.65,25.666666666666668,0.0,60.0,-0.12361543003289294,0.33683023189424216,0.10660740093067461
0.46893766800827624,0.21989346775088978,0.011747926763131371,0.9454310007804864,677.918924240562,0.9825984912156382,0.8973028443010994,0.23837298883516175,0.9188882709138136,-0.6579101699832104,0.9119677790563866,0.9856156501726122,0.2603834292289988,1.2766055886944134,0.7666666666666667,24.608695652173914,0.0,60.0,-0.23442797096613263,0.41533045710254557,0.09045124306820647
3.5572600977002797,0.24999115236361724,0.0025824303388028366,0.9488966307411677,74.53026245216574,0.5406849922352173,0.8538285855915079,0.23728939029195695,0.8891497827756519,-0.6829641820799711,0.911811865312667,0.9799572421165152,0.25456910742918226,0.9988959439098835,0.65,25.435897435897434,0.0,60.0,-0.18345085349549664,0.3295075192546804,0.07302833287959189
0.7207625686145087,0.01396330799509954,0.010792474229678585,0.8579480831315287,568.512598982182,0.8826478842683156,0.44096550171886895,0.2357440084888917,0.9874931765757995,-0.41172666328794333,0.5594358629952989,0.8159838817998657,0.2617802552048354,1.0122637386123339,0.8666666666666667,21.48076923076923,0.0,60.0,-0.45971595933849063,0.5991105545739771,0.06969729761774324
1.584428382175109,0.14341422171737303,0.058386169990976934,0.8158307606417332,81.42313525263417,0.8842809282096911,0.7779917306261553,0.24042839294575016,0.8954804892575334,-0.8742287039736995,0.9103486441615938,0.9933591588267847,0.2665078029883785,1.4615011518200238,0.6333333333333333,23.394736842105264,0.0,60.0,-0.07282547188972222,0.2070516072942216,0.06711306770224969
0.24460836594890173,0.11650790265293656,0.001882625735413582,0.8423890207393396,3371.8542839308357,0.2941584286133819,0.5232694523077001,0.23880730590195037,0.8828300963271217,-0.825482558155535,0.8113156469951273,0.9585814834867352,0.1326971304818625,0.6043273520345489,0.7333333333333333,26.431818181818183,0.11363636363636363,60.0,0.5456454748381931,-0.4345355570329992,0.055554958902596985
2.4365687334354496,0.01699501753266934,0.0986060376475,0.9032736475676465,1535.152489996838,0.4145408166397275,0.5093768192611343,0.23659533710195316,0.8457896101355891,-0.8007839387882806,0.7410579345088161,0.909823677581864,0.10303425692695212,1.6442338015884161,0.5,25.166666666666668,0.06666666666666667,60.0,0.6704231475561986,-0.5612713646199461,0.05457589146812625
0.15489673954622946,0.20268330587002475,0.0011128833217082864,0.8470278120447607,2754.714613763795,0.4800839998490298,1.8717110368116936,0.23794118779139048,0.8888977735249164,-0.6445819126900183,0.8880798274002157,0.9738403451995685,0.22472017259978427,0.8370768700415889,0.6666666666666666,25.35,0.025,60.0,-0.06989135416509289,0.17577903833742847,0.05294384208616779
0.15483038234250332,0.018788289600564872,0.006513629083203331,0.8023700379298626,3620.637553739681,0.3916071643778091,0.6142132458456079,0.23706369781109174,0.9302050014271973,-0.39952312445580657,0.5679878048780488,0.8204268292682927,0.2487853658536585,0.4581317210569978,0.8333333333333334,23.8,0.02,60.0,-0.40627979058885244,0.5105981898716427,0.05215919964139515
1.2051104203202476,0.21888916144124287,0.024889585043315787,0.8381262500291852,85.95143955675572,0.6047781072521469,1.6494697726521217,0.23794892041056115,0.8904146179671619,-0.7417409833546108,0.9226031065881093,0.9922335297268345,0.27763663631494384,1.065782830119133,0.65,25.333333333333332,0.0,60.0,-0.2453841298956869,0.3148331095808837,0.03472448984259839
1.823398041710643,0.07991972594262867,0.07693503400827355,0.9123586196384574,88.00022065355522,0.7135252517246442,0.4282072719302702,0.23748344571029262,0.845422622586441,-1.0671195026294302,0.8665859564164649,0.986682808716707,0.21606876513317186,2.462933215498924,0.38333333333333336,24.434782608695652,0.0,60.0,0.3477088578722014,-0.3271184079428705,0.01029522496466545
0.10879490242801446,0.023894239503844863,0.0030101131389287765,0.9775711408372669,413.6561105109603,0.8139544412567556,1.8218476928210692,0.23440460080252964,0.9807503297805588,-0.19623114228107316,0.5761523046092184,0.8239812959251837,0.23706639946559793,0.869779426852862,0.9,22.27777777777778,0.018518518518518517,60.0,-0.5286608881881276,0.5165993544227256,-0.006030766882700989
0.15933943475614906,0.24526997519124755,0.006238175711935205,0.9376607605952352,4741.347899015872,0.7614093883558282,1.822702889149386,0.2387695712230549,0.9000237636753213,-0.5299849886718994,0.9143873085339168,0.9822210065645515,0.2594083150984683,1.1039160080254078,0.6666666666666666,24.7,0.0,60.0,-0.3430837063070062,0.3274313105712415,-0.007826197867882356
0.37955121787970786,0.2517942242315172,0.011100836071294069,0.9887223470442106,210.55730154015205,0.8051842633352682,0.6428404361123038,0.23981405186769206,0.8999832210333408,-0.6346298589996594,0.9211674849972722,0.9849972722313148,0.26896475722858704,1.2866176928083102,0.65,24.46153846153846,0.0,60.0,-0.2975149225297354,0.26638383306321706,-0.015565544733259162
1.30633889945507,0.14719649521347017,0.02233631547689367,0.8229405116626244,1089.8769032907335,0.20527881902456385,0.44740147001393116,0.23845687898612444,0.8230872773018036,-0.9081340681070621,0.8767281105990783,0.9857142857142858,0.22524239631336407,1.851153018263479,0.35,28.047619047619047,0.0,60.0,0.16131377447742706,-0.23482766198783026,-0.036756943755201596
0.21839649900458555,0.011440798894088578,0.1867210712171041,0.9626606384725034,88.3853964455966,0.8783755440985268,0.590447383328057,0.2380855616306193,0.8518385630640598,-0.3016087645589105,0.7394046417759839,0.8814328960645812,0.1297717457114027,2.41373420804739,0.4666666666666667,24.071428571428573,0.0,60.0,0.09540238249904742,-0.21150310001966408,-0.05805035876030833
0.2631051545037102,0.2054243891174228,0.055298418127814615,0.9683455114424762,93.81537526674141,0.7980689401800685,0.9926653611190916,0.2387408695166721,0.9005739762758919,-0.6927672374292574,0.9330065359477124,0.9967320261437909,0.2925385620915033,1.383336717883746,0.65,24.53846153846154,0.0,60.0,-0.3625190110846666,0.24516450775680307,-0.05867725166393177
0.3578212555954728,0.17683106520070507,0.08804396245266642,0.8641696907550713,101.99834326040512,0.9933477746671104,1.8464609795520066,0.23800148848522926,0.9110946449058497,-0.6827340786098529,0.9371508379888268,0.9980446927374301,0.29799553072625695,1.4459460054834683,0.6833333333333333,24.121951219512194,0.0,60.0,-0.3984045124960359,0.27335715347461026,-0.06252367951071283
0.18419146387814142,0.16181620736110616,0.08756381153998084,0.9348819568410959,273.283265023297,0.6605776729752417,1.170483699980581,0.23914433767537374,0.9017533829602818,-0.6941458571207704,0.9262120404901438,0.9981353223228556,0.28714736281299946,1.3091665061190725,0.6,24.47222222222222,0.0,60.0,-0.3346358770382672,0.19854393627812908,-0.06804597038006906
1.9886408906904902,0.1984022738582498,0.018557072767171567,0.8345839550267707,296.0592234409759,0.43268009459138135,1.9370693766036606,0.23807158169114626,0.8819898371940353,-0.7685335950508462,0.9076230809952356,0.9870301746956062,0.25745325569084176,0.908116521127522,0.6666666666666666,26.225,0.05,60.0,-0.12180782227882983,-0.050000944900671716,-0.08590438358975078
1.4343503117185825,0.018264136369462593,0.005402094193783413,0.810544158582341,4920.143111250964,0.5390802490960505,1.389121711002698,0.23647293506884887,0.9483848889135748,-0.20836686606199292,0.5555904522613065,0.8074748743718593,0.27413467336683417,0.5498179774110515,0.85,23.15686274509804,0.0196078431372549,60.0,-0.7012033590142701,0.5147444728626851,-0.0932294430757925
0.4557210600577575,0.0120664679049957,0.03237822083377116,0.8023651826658079,63.646690552393494,0.21852899181852037,1.1889479168773183,0.2393077830633802,0.900897607844175,-0.708155952023963,0.6233692569483834,0.8454339194554736,0.16839682359614294,0.5187575953546911,0.7166666666666667,24.186046511627907,0.11627906976744186,60.0,0.26502946556612367,-0.4589458700950198,-0.09695820226444807
3.4954751904789028,0.21232602046408997,0.010751756697066924,0.9929399264104659,225.33387393682273,0.6749638051615935,0.48639793753912874,0.23580243677591148,0.8476599970906054,-0.7682578802295696,0.8987006737247353,0.9850818094321463,0.24658248315688158,2.1347423697511356,0.4666666666666667,27.5,0.0,60.0,-0.06829495700720864,-0.1502946814068279,-0.10929481920701827
2.404045187622036,0.037343060331776944,0.03418557791665778,0.9792114989151779,159.29649264119283,0.9947425756652555,0.17191251368445987,0.2325665401318812,0.8479332223025812,-1.2075129994486835,0.7177083333333333,0.9322916666666666,0.05721666666666669,5.589068762461344,0.0,nan,nan,60.0,1.2577919900798857,-1.495144508260099,-0.1186762590901066
2.508208696694953,0.14358306848227118,0.1453877670829463,0.9251870771187606,141.02502950039505,0.6457100366602264,1.5663673262238045,0.23740790730602643,0.8999492528360973,-0.652910919415797,0.9363107822410148,0.9981501057082452,0.2972608879492601,1.3768225574245057,0.5833333333333334,24.485714285714284,0.0,60.0,-0.42122665159047074,0.16273648491735843,-0.12924508333655615
4.417804060701249,0.012853860802655118,0.056031236073961946,0.8455034379172818,2638.980018815456,0.209715428576341,0.46888357709287665,0.23966487694117136,0.8558466272085393,-0.6452811188208359,0.6758883248730965,0.8710659898477158,0.09024568527918775,1.2292567160135757,0.55,25.96969696969697,0.12121212121212122,60.0,0.5957234320698973,-0.8659422331904945,-0.13510940056029858
0.19087005002666785,0.2301753751959983,0.029130644503418932,0.9886121624292175,268.16008550242697,0.5424498901833866,0.6441647979161388,0.24048539313445816,0.88037071311298,-0.6622632288188887,0.9256134969325154,0.9936094069529653,0.2820229038854807,1.4382508672773837,0.5166666666666667,24.677419354838708,0.0,60.0,-0.3375766615918063,0.06540246629735492,-0.1360870976472257
3.3061484643756622,0.2889715966854513,0.016911400647961726,0.875111385980447,1333.365108091956,0.7674957564099232,1.3963374969622273,0.23786606363106053,0.8953941543175239,-0.47979773965939465,0.9344569288389513,0.9901016586409845,0.2873585874799358,1.2592429647843042,0.6333333333333333,25.026315789473685,0.0,60.0,-0.5258208827660069,0.2514253203589376,-0.13719778120353465
0.17893463919905542,0.014491544304722197,0.17122190645076704,0.9327264258164256,1414.0933752012058,0.6505631966561565,0.23374045682834058,0.23900785685906656,0.8332873115265894,-0.5130203390117217,0.7468619246861925,0.898186889818689,0.12047503486750355,3.1434896916151045,0.26666666666666666,23.4375,0.0,60.0,0.32891144620457513,-0.6231767212367595,-0.14713263751609218
0.10536337103105956,0.10609572194534542,0.0016747208759716162,0.9736284215340636,4163.566546476774,0.22732286202854635,0.3531965657009253,0.24456926662086387,0.8679312565367835,-0.8450355467609592,0.7964601769911505,0.9552316501821968,0.11449182717334727,0.723117533326149,0.7,27.595238095238095,0.16666666666666666,60.0,0.6530179142310197,-0.9483927971741309,-0.1476874414715556
0.6951001374214384,0.27137154038181177,0.0010204505164754416,0.932525523990654,1712.9387693487326,0.4613249897538161,1.727486212793558,0.2389319979011449,0.8812053709689032,-0.52555825466504,0.918234064785789,0.9814524555903866,0.2624865203761756,0.9773638585271934,0.6166666666666667,25.864864864864863,0.02702702702702703,60.0,-0.3622326439615161,0.06506559813725245,-0.14858352291213184
1.0276135786777054,0.04021810469646887,0.0494420072911462,0.9178802109994547,129.72608432725534,0.6880876079071805,0.12671226178293252,0.2325665401318812,0.8479332223025812,-1.2254172802743937,0.75375,0.9477083333333334,0.0778416666666667,5.589068762461344,0.0,nan,nan,60.0,1.1716808134324859,-1.495144508260099,-0.16173184741380653
0.3556699010846164,0.03496263701983813,0.0011705700734904038,0.9394807104804594,82.21918324447994,0.23893779731100767,1.3465287369366488,0.24091899506487097,0.9075052022825076,-0.3904425336848304,0.6167247386759582,0.8522067363530779,0.1682685249709639,0.41552064415688317,0.7666666666666667,24.26086956521739,0.10869565217391304,60.0,-0.01616817560123668,-0.3096439827719915,-0.1629060791866141
0.696790946393335,0.055031546523423416,0.02425200739065171,0.9691556126467252,191.20156997285662,0.4140135779242236,0.19403899465310728,0.2325665401318812,0.8479332223025812,-1.16014021834524,0.7447916666666666,0.9464583333333333,0.07013333333333338,5.589068762461344,0.0,nan,nan,60.0,1.151894642019994,-1.495144508260099,-0.17162493312005245
1.7436028449057788,0.0923297583015868,0.11770699300757125,0.88912381403576,325.2338157106722,0.4452057740245618,0.5396078880440165,0.236760634905419,0.8342394196147733,-0.8907768073845566,0.8957943925233645,0.9932242990654205,0.251818691588785,2.4179749394456547,0.35,26.61904761904762,0.0,60.0,0.01449339737370528,-0.35918353434066114,-0.17234506848347791
0.9729451440961489,0.05257199166620397,0.03275869668783008,0.9057610440903048,340.83036583245797,0.4816207799657198,0.17718226838971923,0.2325665401318812,0.8479332223025812,-1.1751969578304826,0.7545833333333334,0.9529166666666666,0.07346666666666679,5.589068762461344,0.0,nan,nan,60.0,1.1487671470366734,-1.495144508260099,-0.17318868061171278
2.896107966870448,0.32561054709444726,0.014918669972107864,0.8305374587065648,141.3464251002505,0.5628191112167481,1.718529009850666,0.2385518965854418,0.8840782198829418,-0.5001606670628072,0.9392136575271599,0.992240041386446,0.29425369891360587,1.2268905229866505,0.5666666666666667,25.264705882352942,0.0,60.0,-0.5418549250664177,0.17466599503428726,-0.18359446501606524
0.31076451286026235,0.2419164943257664,0.0016083730770404098,0.9815966355832773,1771.228023838492,0.35749049180842124,0.6618057692956285,0.23868337178493834,0.8772834702127814,-0.5906987723099585,0.9072916666666667,0.9791666666666666,0.24925833333333336,0.8767399742578467,0.6166666666666667,26.027027027027028,0.05405405405405406,60.0,-0.2390336682827535,-0.14009567313824028,-0.18956467071049687
0.6540762580744189,0.01671264616462636,0.005100410926724017,0.8744512506996271,1228.8640362595067,0.45348009536093736,1.1063451177819263,0.23710170647751438,0.9426537833392545,-0.12249184519960674,0.5396776193428394,0.7947923124612524,0.3027300681959082,0.4828441119442383,0.85,23.568627450980394,0.0196078431372549,60.0,-0.9187880864175801,0.5294379650402572,-0.19467506068866147
0.7607311131068751,0.11007290713143128,0.10458849991271885,0.9003367641439662,286.59285689047925,0.40525816206434223,0.683008620664357,0.23733623489707573,0.8530874795431553,-0.8551952653314008,0.9062191510365252,0.9955577492596249,0.2645769002961501,1.6400757081185777,0.48333333333333334,26.103448275862068,0.034482758620689655,60.0,-0.08016077245016051,-0.31072819921796474,-0.19544448583406263
0.4140563890422543,0.021144311131730514,0.04021339740186995,0.8005735858697067,1848.127319504893,0.20578657631845562,1.2719217492000647,0.23911189713549075,0.8949678428286064,-1.0345452545298908,0.6988826815642458,0.9033519553072625,0.06733072625698333,0.5706953001519044,0.7166666666666667,24.813953488372093,0.23255813953488372,60.0,1.054343158468692,-1.4479893599602658,-0.1968231007457869
2.750720291529604,0.010075289478248255,0.11166228888992204,0.8666113811351907,855.2973212103047,0.9486086297826786,0.21703723530504632,0.238932871061127,0.8409853715492313,-0.2420411356514125,0.6981446241674596,0.8653663177925784,0.10457830637488119,3.2032141675551733,0.31666666666666665,23.31578947368421,0.0,60.0,0.16714705927380313,-0.5733868791051431,-0.20311990991566997
0.22378692756297536,0.3752266274481587,0.005671301017225693,0.9161566892625129,80.41476200829433,0.9971240136313038,1.3428681062305248,0.23857251701322268,0.9039119547947814,-0.4194538944692627,0.9400971397733405,0.9897463572584997,0.2926434970318402,1.5073438922564188,0.6333333333333333,24.605263157894736,0.0,60.0,-0.6054843210018942,0.19699410287356942,-0.20424510906416238
0.9411114925003108,0.20651681814550618,0.09172478961567679,0.9713844282856015,1657.3503225272216,0.4781261885973769,1.2050041924194506,0.23938078853621006,0.8831298280204833,-0.5146187614619964,0.9432281059063137,0.9987270875763747,0.3047551934826884,1.2830106429755688,0.5333333333333333,25.375,0.0,60.0,-0.5809609842561145,0.12042513469586924,-0.23026792478012265
2.2994725854661953,0.2610338028221978,0.0573263630205688,0.848386619017009,55.968919751890496,0.7266024626330487,0.8813896195185132,0.24032516128148318,0.8923650612975685,-0.5727263061191493,0.9440144478844169,0.9976780185758514,0.3044924664602683,1.5362682546178499,0.5166666666666667,24.096774193548388,0.0,60.0,-0.5281166599717539,0.043898291435791194,-0.24210918426798136
4.684423711991715,0.2643125588030189,0.061769276191611114,0.9768094874953885,916.1214227034993,0.4850916371012572,1.1037366361082868,0.2402946701386251,0.8825192638835878,-0.46558870559776977,0.9458165322580645,0.9979838709677419,0.3066004032258064,1.2987263072282076,0.5333333333333333,26.0,0.0,60.0,-0.6335785874781759,0.11697725262796138,-0.25830066742510727
0.2578167488197918,0.23225121129351817,0.08580509451313816,0.8771589175998026,2125.286411249209,0.4217122024257142,1.4416056223956153,0.23979818241951362,0.8789885655425725,-0.4591392309423131,0.9479899497487437,0.9984924623115577,0.3092824120603015,1.237059539432327,0.5333333333333333,26.1875,0.0,60.0,-0.6525625802345727,0.13050641305358915,-0.2610280835904918
3.2001549475739997,0.032639303618714255,0.0013157399995714142,0.9807545243179943,712.3789833331818,0.235156344232158,1.5742828629738412,0.24091899621363835,0.9087470306499406,-0.25565393832504546,0.6049418604651163,0.8465116279069768,0.1857465116279069,0.41373889179279405,0.7666666666666667,24.217391304347824,0.10869565217391304,60.0,-0.22216527926891963,-0.3092530815713272,-0.2657091804201234
0.8970039632025131,0.22455035703127157,0.010352201616272426,0.8081117031344143,118.92660241877915,0.272521786739967,0.7333524866565787,0.24004377470891627,0.8650493607760067,-0.7552540570184538,0.9104439959636731,0.9853683148335015,0.2586123107971746,0.8359562670812011,0.6,27.38888888888889,0.08333333333333333,60.0,-0.13931930513217877,-0.3982861007162422,-0.2688027029242105
0.4347154181977368,0.396539870057917,0.0064498086358838165,0.8857954383847149,197.68993077870007,0.9809960280414349,0.7932287272477756,0.2385511691743705,0.9015923262239482,-0.35174699529385994,0.9432851792402355,0.9914392723381488,0.29752445157838425,1.5459469437599183,0.6,24.25,0.0,60.0,-0.6896816462286017,0.1465963372553156,-0.27154265448664305
0.30117401527768306,0.37560047261619073,0.00911870217161083,0.8767871233108833,834.2935945257982,0.7313134853988046,1.354525435362601,0.2379077490626365,0.8893782020779887,-0.34417714110769315,0.9425974025974025,0.9916883116883117,0.2970857142857143,1.3702435200413068,0.5666666666666667,25.029411764705884,0.0,60.0,-0.694226975086703,0.14321557588686848,-0.2755056995999172
0.35388204995895456,0.37661238216733234,0.01223227145710584,0.9781993075223819,415.2598195376535,0.8040944852481016,1.0217416338103167,0.23820603809355773,0.8919594980722596,-0.3621586164584621,0.9445026178010472,0.9921465968586387,0.2994492146596859,1.4254156991839408,0.5666666666666667,24.58823529411765,0.0,60.0,-0.6899640872612531,0.13111127255897403,-0.27942640735113955
2.9379550200974753,0.22102355996746367,0.01211082976487232,0.9102015418506048,384.9430470279459,0.24436986265257757,0.7085356546685934,0.23931049646533542,0.8622192971053012,-0.7186081482077461,0.9100647732934728,0.9853014449427006,0.25816621823617336,0.8507084738463163,0.6,28.083333333333332,0.08333333333333333,60.0,-0.1696205788068228,-0.4015226084673524,-0.2855715936370876
0.5872372790329408,0.21968044446918716,0.13154389492044286,0.9796419434484107,2033.1757709738781,0.45837786472008296,1.8339963624812192,0.23986456429661793,0.8769093355574299,-0.4010421503318917,0.9554554554554554,0.9987487487487487,0.31700420420420417,1.3071027227987846,0.5166666666666667,26.032258064516128,0.0,60.0,-0.7422837091183727,0.09417524537420648,-0.3240542318720831
0.3722184394031717,0.2677057943947252,0.013204176864056855,0.9663334905169838,106.78327248437405,0.3164778720541452,0.5469969672350146,0.23774558652287384,0.8303290881768435,-0.6652473978580616,0.9212688270196258,0.9899589228662711,0.27402774988589684,2.1371475843091807,0.3,27.38888888888889,0.0,60.0,-0.2953923940892301,-0.3604652994295859,-0.32792884675940803
0.18955106013821338,0.014129737765262157,0.005035229964710065,0.9278969701151815,173.0562042784905,0.7646566883359702,1.4206745521546191,0.23390505032088657,0.9792883101134997,0.04125374156671917,0.5201072386058981,0.7815013404825737,0.33559142091152816,0.811473922431469,0.9,22.185185185185187,0.018518518518518517,60.0,-1.226544718869795,0.5293910824669976,-0.34857681820139874
0.4341775081403992,0.0747449894272138,0.00346367024466774,0.8346208082572503,299.4553224691304,0.7416152219375736,0.12806300934695525,0.2325665401318812,0.8479332223025812,-0.7538115446220828,0.7239583333333334,0.9247916666666667,0.07096666666666673,5.589068762461344,0.0,nan,nan,60.0,0.7873342090169317,-1.495144508260099,-0.3539051496215836
0.7686442014090985,0.3463135373902412,0.041450647733412574,0.8411377432637349,4285.0446768223665,0.4736600351699043,1.665984637574966,0.2396140736996184,0.8752652605149775,-0.28461094241724993,0.9516848364717542,0.9972745292368682,0.3117593657086224,1.3347994908690453,0.5166666666666667,26.677419354838708,0.0,60.0,-0.8196291908615627,0.08809881179600632,-0.3657651895327782
0.21982499438169034,0.4445077356648601,0.004805232400549033,0.9443474227247559,1186.9184971828834,0.9386213985999858,1.5535510009680955,0.23758420067319308,0.8960834072358846,-0.21150104831824315,0.9481403876375065,0.9918805657412257,0.30282095337873227,1.5974155078331629,0.5666666666666667,24.558823529411764,0.0,60.0,-0.8402806775386118,0.0933759884251419,-0.3734523445567349
0.5552372458383374,0.2618961180306253,0.005559498821678993,0.9240155649205443,601.1958155703508,0.25735529813696384,0.7597289612360163,0.23883917821372552,0.8675658370005553,-0.5982722855616276,0.9169176706827309,0.983433734939759,0.26315140562248995,0.9024454170217117,0.5833333333333334,27.34285714285714,0.08571428571428572,60.0,-0.301018601683418,-0.45385606701549497,-0.3774373343494565
0.31827378843626153,0.46911766932730176,0.0012849315716755832,0.9668206035609322,106.25192180972775,0.6152765974324372,1.920579961855197,0.23864427006490765,0.8754001024840811,-0.27271822770976406,0.9499245093105184,0.9914443885254152,0.3041688978359336,1.4952841592331727,0.5,25.233333333333334,0.0,60.0,-0.792642897153292,0.03192555731039368,-0.3803586699214491
3.793600602232497,0.22882484973145578,0.008155498648961658,0.9707954321837595,410.37290459647426,0.30093775606850226,1.7187209009464388,0.23857292995265558,0.8742280499691658,-0.6905314038395349,0.908949818934299,0.983445421624418,0.255195240558717,0.8694471231351296,0.6,26.02777777777778,0.1111111111111111,60.0,-0.17983455755196437,-0.6391831436988454,-0.4095088506254049
0.43020757633229206,0.31653307780267687,0.005874204463800768,0.9318715416527104,684.1113017770602,0.43973328811052764,0.9884629072093993,0.23822092383838794,0.8777483000491614,-0.4744624615224901,0.9303991811668373,0.9874616171954964,0.2806607983623337,1.099056542168061,0.55,25.484848484848484,0.06060606060606061,60.0,-0.4974321412792525,-0.32781502459983636,-0.41262358293954443
0.10320660054402035,0.46458879468542996,0.0022057328904669894,0.8459750032000113,1452.8891306821897,0.8024489561558823,1.074736309544812,0.23831671843288715,0.8885861602312113,-0.1794870735861809,0.9500514933058702,0.9920185375901133,0.3048700308959835,1.5695738956332206,0.5,23.733333333333334,0.0,60.0,-0.8788120836795381,0.015627025740510003,-0.43159252896951406
0.15200764429681565,0.09178451344872621,0.0016629772271588548,0.8281788652268016,1999.4695503955934,0.3951282289940891,0.21638205107381164,0.2325665401318812,0.8479332223025812,-0.6559781369407051,0.748125,0.9314583333333334,0.0884666666666667,5.589068762461344,0.0,nan,nan,60.0,0.6140098582810178,-1.495144508260099,-0.44056732498954054
3.321132810539448,0.01944488057290599,0.0022117195911004303,0.824258542045726,71.09647130907977,0.6273848188829925,0.4148891887093171,0.2342258455608161,0.96210107209318,0.20201258146512255,0.5360623781676414,0.7875243664717348,0.3136132553606238,0.6703839247425397,0.8833333333333333,22.754716981132077,0.03773584905660377,60.0,-1.260463073758765,0.3778056438756821,-0.44132871494154147
0.2760360512993134,0.01814448197861142,0.002874777738297289,0.8860207279049069,528.7717487415845,0.3556874781857876,1.581895064878305,0.23671616913560656,0.9281755917403353,0.17449716246186436,0.5337591240875912,0.7846715328467153,0.3187693430656935,0.4248691365433236,0.85,24.176470588235293,0.0392156862745098,60.0,-1.261552691385054,0.37729875233148075,-0.44212696952678665
1.2450713084720864,0.35029022431716117,0.004802556838241601,0.885359071658572,681.8905247675359,0.48378254671224746,0.9673492915925026,0.2379527551403624,0.8787633391681233,-0.4072618688820228,0.9359367023991833,0.9877488514548239,0.2864855538540072,1.195491373538971,0.55,25.636363636363637,0.06060606060606061,60.0,-0.5858475637212883,-0.3489720002427621,-0.4674097819820252
3.056461509303513,0.06466977637427217,0.0012059969662959393,0.9478497381463546,1902.3294062919829,0.9721046308895598,0.16798306278809993,0.2325665401318812,0.8479332223025812,-0.42335584916727503,0.689375,0.9010416666666666,0.06013333333333337,5.589068762461344,0.0,nan,nan,60.0,0.5477712001075562,-1.495144508260099,-0.47368665407627136
2.1769136728572214,0.013163038188360955,0.005428887022589156,0.8754567214870347,3146.536467132989,0.7170688633001425,0.8690268963172527,0.23507327847634324,0.9729228164382825,0.2668554999419719,0.5156042496679947,0.7735723771580345,0.3480233731739708,0.7732339940965176,0.9,22.444444444444443,0.018518518518518517,60.0,-1.4881455753598902,0.5377805950618612,-0.47518249014901454
2.0441598020841427,0.496234176180334,0.0015179289828597185,0.9407415633518172,3201.029835909359,0.9155927234774459,1.7582413219621826,0.2379827627582317,0.8926485976197015,-0.09901439121942389,0.9529715762273901,0.9919896640826873,0.30776124031007746,1.6794326653083165,0.5,23.5,0.0,60.0,-0.9644939149171209,-0.00847504693526513,-0.486484480926193
0.4213502395532985,0.025330955522609985,0.0015950437622203144,0.810372143836757,139.43642806909415,0.2666554280918638,0.3861993659095193,0.23999460603989625,0.9168687505620372,-0.021775616813549246,0.5688836104513064,0.8117577197149644,0.2565586698337292,0.41949947116275627,0.7833333333333333,23.76595744680851,0.10638297872340426,60.0,-0.7798059981473049,-0.2701081609729523,-0.5249570795601286
0.30524857416995294,0.017443109499235245,0.002788231402292791,0.8030228783377961,1189.9458715905168,0.9917516333323164,0.2740417804845059,0.23549849461045866,1.0029159423833542,0.4102534764015948,0.5249826509368494,0.7782789729354614,0.3339383761276892,1.0464749351143836,0.9,21.24074074074074,0.018518518518518517,60.0,-1.545696522374053,0.4778338740318813,-0.5339313241710859
1.042808862810516,0.011170098992367018,0.006052233293435855,0.8000441182423493,461.3656408897489,0.6864005320643523,0.2766818741247684,0.237647010692932,0.9607549680166564,0.3711198202327925,0.5025641025641026,0.7567307692307692,0.3779051282051282,0.8772010607024033,0.8666666666666667,22.846153846153847,0.0,60.0,-1.728404011282209,0.6287421487416288,-0.54983093127029
0.13931662434334371,0.09741706192698694,0.049360810013864546,0.9583181048625464,751.6895422033259,0.3044584465876463,0.2591066154038801,0.2325665401318812,0.8479332223025812,-0.9995539294810237,0.8522916666666667,0.9814583333333333,0.19655,5.589068762461344,0.0,nan,nan,60.0,0.3842968150501444,-1.495144508260099,-0.5554238466049772
0.46553442581089066,0.3712375578836804,0.03678358175115283,0.9203671270205731,398.4121583664964,0.5536891978965954,0.7155745672951919,0.23697287685894858,0.8410967951724204,-0.3560624997492432,0.9554363042463836,0.9969668688754083,0.3152031731217919,2.1432502629856267,0.31666666666666665,25.473684210526315,0.0,60.0,-0.7732771896143973,-0.3408398813808005,-0.5570585354975989
2.351549373488355,0.0109248281257202,0.0072774943769335415,0.8941675903063252,135.52724363241512,0.48472497561383243,0.5233037275040591,0.23736092042703005,0.9483950857779843,0.15466486821916317,0.5087719298245614,0.7625313283208021,0.3658967418546365,0.5025869891047478,0.85,23.235294117647058,0.0392156862745098,60.0,-1.4770115470442926,0.36024812145166635,-0.5583817127963131
1.4482664169210324,0.22800043806438094,0.029972776604347592,0.868623823948576,658.4406610676521,0.21721596115796837,1.1690571459308106,0.2384690404533555,0.8594127368128616,-0.6581920528477782,0.9274074074074075,0.9948148148148148,0.2850222222222223,0.9343038247277339,0.5666666666666667,27.970588235294116,0.14705882352941177,60.0,-0.356020089954955,-0.997581181959994,-0.6768006359574745
1.09306524836859,0.013342647356362624,0.003689670006954792,0.9143012315714885,307.14506120455826,0.993618582865156,1.8551161790128443,0.23555124823212015,1.0038695349236646,0.5547768468072799,0.49825662482566246,0.7531380753138075,0.38580529986053,0.9841430515050889,0.9166666666666666,21.436363636363637,0.01818181818181818,60.0,-1.930386942906721,0.515304150879827,-0.7075413960134471
0.26228190318530625,0.20744174416616185,0.005001320996918725,0.9820163753127809,119.23715948194601,0.915948887068823,0.39162825050383365,0.2325665401318812,0.8479332223025812,-0.7260576415920542,0.8760416666666667,0.9741666666666666,0.21300833333333336,5.589068762461344,0.0,nan,nan,60.0,0.06029945222440529,-1.495144508260099,-0.7174225280178468
0.9365197624735009,0.048991144441436936,0.0016418037871971506,0.8382596100133255,4629.660812740722,0.9693636616618686,0.10565466011190647,0.2325665401318812,0.8479332223025812,-0.19196193239790776,0.643125,0.8720833333333333,0.12199166666666672,5.589068762461344,0.0,nan,nan,60.0,0.03661218313598241,-1.495144508260099,-0.7292661625620582
2.855482451425674,0.013570945457173567,0.0076213065302538656,0.8328078797877709,287.73043189332435,0.21040613869990824,1.6727495476791763,0.24127058446944058,0.9119668182033928,-0.20437276874587273,0.5280537697253068,0.7901811805961426,0.31896504967855055,0.40860274316122136,0.75,23.68888888888889,0.13333333333333333,60.0,-0.9264386587048756,-0.5362387435722137,-0.7313387011385446
0.8934175035965072,0.20158182911902783,0.012421685163600666,0.9772010104670495,140.20844483693858,0.5916361361936581,0.4228214100017319,0.2325665401318812,0.8479332223025812,-0.7568892573485639,0.8858333333333334,0.9785416666666666,0.22717500000000002,5.589068762461344,0.0,nan,nan,60.0,0.01759298006268302,-1.495144508260099,-0.7387757640987079
2.146236969433395,0.04491666641627549,0.0017595929417242608,0.9088201246254354,274.72329362905225,0.6846863639619902,0.13167704077225673,0.2325665401318812,0.8479332223025812,-0.20008263465024048,0.630625,0.8620833333333333,0.14449166666666668,5.589068762461344,0.0,nan,nan,60.0,-0.06744978145667108,-1.495144508260099,-0.781297144858385
0.1718420221251088,0.23602144148982196,0.005811339917524617,0.9112720269309473,64.55908630893079,0.6406188080268149,0.15270237738185385,0.2325665401318812,0.8479332223025812,-0.6881092594323399,0.8922916666666667,0.978125,0.23321666666666674,5.589068762461344,0.0,nan,nan,60.0,-0.07329613086665493,-1.495144508260099,-0.7842203195633769
1.053131054608697,0.017737784354972627,0.0013229178171617387,0.9652799109892343,311.4122169203326,0.8923800608573902,1.5136597893004897,0.23458406551738464,0.9927681583952808,0.9255882957757067,0.5154109589041096,0.7589041095890411,0.3628849315068493,0.8917264545957247,0.9,21.59259259259259,0.018518518518518517,60.0,-2.145976058219716,0.5117843646022485,-0.8170958468087337
0.21949865272566765,0.013934514689834839,0.0024791235893091295,0.8984214527289681,259.6966117712284,0.8655856345352508,0.991557601801794,0.2353133554908246,0.9904140704677169,0.8446430041112339,0.49146174863387976,0.7462431693989071,0.3994950819672131,0.857307223478953,0.9,21.666666666666668,0.018518518518518517,60.0,-2.255214564850829,0.5193356489673855,-0.8679394579417217
0.5335815680529225,0.2705557157797016,0.0015386089453244608,0.9741704224866924,3822.8064966393526,0.4094912126831498,0.12299268977716613,0.2325665401318812,0.8479332223025812,-0.48986139546497887,0.8997916666666667,0.9785416666666666,0.2411333333333333,5.589068762461344,0.0,nan,nan,60.0,-0.28830363727679215,-1.495144508260099,-0.8917240727684456
2.547467653815061,0.2837471818748647,0.001761348170177471,0.857874937894497,1902.066118956051,0.4198459967077474,0.24004127755992657,0.2325665401318812,0.8479332223025812,-0.4894950385657708,0.9047916666666667,0.9804166666666667,0.2480083333333334,5.589068762461344,0.0,nan,nan,60.0,-0.3226264250239449,-1.495144508260099,-0.9088854666420219
1.6500428189203953,0.3545189702858746,0.1473668673383966,0.9596469851072937,87.84258297151236,0.2995428785874795,1.2708593255643974,0.23856783014151592,0.84888984693165,-0.23420578115842416,0.978688524590164,0.9990632318501171,0.34055175644028113,1.7363667039821544,0.38333333333333336,27.47826086956522,0.08695652173913043,60.0,-1.00672405865423,-0.8988272197236977,-0.9527756391889639
0.17750839859848339,0.3010842264251113,0.014539421808556658,0.9903028794212647,3008.51595437756,0.9579511774919005,0.44735409561962125,0.2325665401318812,0.8479332223025812,-0.4508219195510706,0.925625,0.98625,0.274675,5.589068762461344,0.0,nan,nan,60.0,-0.48880222869616197,-1.495144508260099,-0.9919733684781304
4.908903686764726,0.2873795555479668,0.026836754903057442,0.8385896716257827,1187.9524214513172,0.8071992018256509,0.24323860351926063,0.2325665401318812,0.8479332223025812,-0.4948033488787026,0.9310416666666667,0.9897916666666666,0.2836333333333333,5.589068762461344,0.0,nan,nan,60.0,-0.49408806284021245,-1.495144508260099,-0.9946162855501557
2.5991779826905854,0.14689243694741327,0.18147800207895307,0.9505453297756346,771.5252667575322,0.631394602965247,0.11874798344427948,0.2325665401318812,0.8479332223025812,-0.5930451446879303,0.9402083333333333,0.9983333333333333,0.3013416666666666,5.589068762461344,0.0,nan,nan,60.0,-0.494511420791928,-1.495144508260099,-0.9948279645260134
0.22053500179392313,0.39216844529842465,0.0016522812700132243,0.8009749835827266,221.21349211805753,0.9925957745929777,0.6029207439380357,0.2325665401318812,0.8479332223025812,-0.37367907378417703,0.930625,0.9866666666666667,0.28009166666666674,5.589068762461344,0.0,nan,nan,60.0,-0.5840190102094835,-1.495144508260099,-1.0395817592347911
0.16334433042139554,0.3503369918979428,0.008476489492603566,0.9632412510778302,3088.12015494987,0.3810664382354274,0.16188746464776088,0.2325665401318812,0.8479332223025812,-0.3616033367452773,0.93,0.9870833333333333,0.2798833333333334,5.589068762461344,0.0,nan,nan,60.0,-0.5937007237326118,-1.495144508260099,-1.0444226159963554
0.5308678483815191,0.0117221701039868,0.0027955225105844076,0.9880599050126206,105.70838891004134,0.8816418659702203,1.6620606022224362,0.23540169999147642,0.9962137218311475,1.080946668381814,0.4735395189003436,0.7240549828178694,0.43960549828178697,0.8725223243236542,0.9166666666666666,21.818181818181817,0.01818181818181818,60.0,-2.663182447437173,0.5397927819341003,-1.0616948327515363
0.47957147118210436,0.44541458395984024,0.0014598671083351977,0.955479747780432,446.4984046800376,0.30389881981850775,0.7955525864742512,0.2391409383926278,0.8583028227291192,-0.2727154073474118,0.9472920696324951,0.9905705996131529,0.300662669245648,1.3012425772224863,0.48333333333333334,27.551724137931036,0.1724137931034483,60.0,-0.775306623922305,-1.3960848657166103,-1.0856957448194575
2.618446645265813,0.2923507360596779,0.1512571152169191,0.9292598612244402,272.91922539403424,0.6695136693173565,0.3999759818773241,0.2325665401318812,0.8479332223025812,-0.3235316670894469,0.9683333333333334,0.9983333333333333,0.3294666666666667,5.589068762461344,0.0,nan,nan,60.0,-0.872669022665393,-1.495144508260099,-1.183906765462746
0.9052228518723621,0.45529441308732366,0.06356322818502999,0.8957004922260338,123.56940328415249,0.4159699760871453,0.18060564164558587,0.2325665401318812,0.8479332223025812,-0.2042909796919023,0.9677083333333333,0.99625,0.32675833333333326,5.589068762461344,0.0,nan,nan,60.0,-0.9650500535926942,-1.495144508260099,-1.2300972809263966
3.9235444791697454,0.011037474055676538,0.0026624753843174447,0.8481386912582799,1455.8953906854526,0.6209344244012973,0.9823132749987259,0.2353158051673128,0.9644828544385311,1.4073857410596555,0.46944809461235215,0.7128777923784494,0.45487411300919844,0.6505302682518959,0.9,22.74074074074074,0.037037037037037035,60.0,-3.028260122384963,0.4090011169508887,-1.309629502717037
2.406976155871419,0.017214520094084206,0.0015393989326136347,0.891258453973158,208.76162906151615,0.20298778402110582,1.0820406836095635,0.240084389919239,0.9133273112244188,0.7758559366673806,0.5079225352112676,0.7523474178403756,0.37693004694835675,0.3999999431272348,0.7333333333333333,23.181818181818183,0.13636363636363635,60.0,-2.0826088892678563,-0.5807937767263206,-1.3317013329970884
0.3517583567575484,0.41441170068942346,0.18434382538606348,0.9199255523205039,3270.741288580615,0.48563452430227283,0.6218416300110493,0.2325665401318812,0.8479332223025812,0.003006285981759511,0.980625,0.9989583333333333,0.34238333333333326,5.589068762461344,0.0,nan,nan,60.0,-1.2262037092570806,-1.495144508260099,-1.3606741087585896
4.677691414338487,0.013420167535721693,0.001144453723740844,0.8428452806832052,93.61436541120715,0.8355462696977813,0.3880963624752436,0.23430997955961888,0.9897396331859021,1.8023242829222434,0.47778537252221465,0.7177033492822966,0.4417112781954887,0.8265941376487415,0.9,21.64814814814815,0.018518518518518517,60.0,-3.313503834541131,0.526073836814986,-1.3937149988630726
0.11268680713884476,0.012951478421183165,0.0011587913228896553,0.9325229830142086,137.85908338125608,0.6611361450344388,1.6111956576503068,0.23483878010969816,0.9710656277059126,1.8757041991428764,0.4730359520639148,0.7103861517976032,0.45377789613848196,0.6899291921406985,0.9,22.37037037037037,0.018518518518518517,60.0,-3.4382675665693783,0.5560569547636699,-1.4411053059028542
2.0162068816209766,0.01071268744787602,0.0019893993542684668,0.8515921243993763,2748.8683036541743,0.4579987010772743,1.0186985282815506,0.2369992348154139,0.9487374053430775,1.8806810604741326,0.46261089987325726,0.6958174904942965,0.4787716096324462,0.47467144249627985,0.8666666666666667,23.192307692307693,0.038461538461538464,60.0,-3.566279657476752,0.39367755529611914,-1.5863010510903164
0.28353329793320964,0.012956626633310191,0.0012463135753601393,0.9099933818798631,116.5842220708228,0.2594061776523371,1.8417580086853464,0.23776045085505756,0.923343540498284,1.7671150387037233,0.4702345159350571,0.7047504509921828,0.4622150330727601,0.39814350626741846,0.8333333333333334,24.26,0.12,60.0,-3.383664829799899,-0.3170188799919112,-1.8503418548959052
